País;Codigo Legenda;Texto
Espanha;*esp_cyber *legenda_1;Ayer subí un post sobre la depilación y muchas confesásteis que lo hacíais por los demás. Pues claro, todas empezamos porque es lo que hacen las mujeres. Porque no vemos mujeres con vello en ningún sitio. Con el tiempo acabas haciéndolo por comodidad, por suavidad, o lo haces a veces, o para hacer deporte, o dejas de hacerlo. Lo hagas o no, y el motivo por el que lo hagas, es algo que nadie puede ni debe juzgar. Luchar contra una imposición tan grande es muy difícil. Si quieres dejar de depilarte pero te puede el qué dirán, date tiempo, no pasa nada.
Espanha;*esp_cyber *legenda_2;No hay cosas de niños y cosas de niñas, una educación sin estereotipos ni roles_de_género es la clave para un futuro igualitario. Nuestros gustos y preferencias no nos definen ¡Etiqueta a las rebeldes que conozcas!
Espanha;*esp_cyber *legenda_3;Más allá de las diferencias entre el cuerpo de las mujeres y los hombres, que en principio requieren diferentes medidas para la ropa, existe una gran industria diferenciada en cuanto a la ropa_interior. Para nosotras hay lencería, fajas y rellenos. Un surtido para modificar y adaptar nuestro cuerpo al ideal de belleza. Para ellos hay ropa cómoda y funcional. Ponte lo que te de la gana amiga pero dale una vuelta a este tema, que la sociedad nos deja el cerebro frito y ya dejamos de saber por qué y para quién hacemos las cosas.
Espanha;*esp_cyber *legenda_4;¡Libérate! ¿A quién se le ocurre decirnos cómo tenemos que ser? ¿Quién se atreve a encadenarnos a normativas sobre nuestras existencias? Nos vestimos como nos gusta, nos ponemos el look que nos encanta, hacemos lo que nos da la gana y nada ni nadie nos manda. Nuestras alas no son para que nadie las enjaule, sino para volar en libertad. Hoy cumpliría 72 años, ilustración de una servidora.
Espanha;*esp_cyber *legenda_5;A mí me gustan las mujeres que se arreglan. A mí me gustan las mujeres que son coquetas. A mí me gustan las mujeres que son feministas pero poco. A mí me gustan las mujeres que quieren ser madres. A mí me gustan las mujeres que son convencionales. A mí me gustan las mujeres que no se ríen fuerte. A mí me gustan las mujeres que ve nopor. A mí me gustan las mujeres que saben cocinar. A mí me gustan las mujeres que tienen la casa ordenada. Y sigue. Y sigue. Y sigue ¿Qué más misoginadas habéis oído? Completa la lista y riámonos un poco, no queda otra.
Espanha;*esp_cyber *legenda_6;Montar en bici para las mujeres suponía todo un desafío ya que los hombres lo consideraban poco decoroso, peligroso para la unidad_familiar y hasta argumentaban que podía causarles daños físicos. De hecho, existieron no pocos argumentos médicos que avisaban que su uso podía provocar en la mujer daño como esterilidad o aborto, y morales, como excitación_sexual. Pronto la bicicleta se convirtió en una forma de desafiar a la sociedad_machista de la época y surgieron mujeres que enarbolaron el uso de la bicicleta como símbolo para luchar por la igualdad. Susan_Anthony, líder estadounidense por los derechos_civiles opinaba que la bicicleta era el objeto que más que ninguna otra cosa había contribuido a la emancipación de la mujer: le proporciona sensación de libertad y seguridad en sí misma. Cada vez que veo una mujer sobre una bicicleta me alegro, porque es la imagen de la libertad, afirmaba en una entrevista realizada en 1896. Precisamente así es como las mujeres empezaron a llamar al vehículo de dos ruedas: la máquina de la libertad.
Espanha;*esp_cyber *legenda_7;Como personas, podemos huir, incluso inconscientemente, de la represión que supone ser niña, o sentir, como niño, repulsión hacia los roles_masculinos. Ahí está el éxito del feminismo, señalar lo dañino de los roles, enseñar a las criaturas que no tienen que adherirse a patrones establecidos por un sistema que incluso acaba asesinando a las de un sexo. Pero no toda la sociedad es feminista, y las criaturas se encuentran con mensajes patriarcales por todos sitios: si te gusta pintarte las uñas , es que eres una niña, antes lo común era decirles sencillamente eran mariquitas. A las niñas, que eran una machorras. De un tiempo a esta parte, como sabéis, la misoginia, la homofobia y la lesbofobia ha cambiado el discurso. Como siempre, respondemos a las dudas que nos enviáis.
Espanha;*esp_cyber *legenda_8;Vivimos bajo un sistema_patriarcal que nos oprime, nos violenta y nos sexualiza. Por ello contamos con la Coeducación como única herramienta para cambiar el sistema, poniendo fin a los estereotipos_sexistas y desarticular el patriarcado. En Radiojaputa hemos hablado de coeducación en los podcast 144 Especial Docentes_Feministas entrevistando profesora. El 147 y en el 113 Especial Ley_Trans que hablamos con maestra y activista_feminista.
Espanha;*esp_cyber *legenda_9;¿Cómo sería la vida sin miedo? ¿Cómo sería un mundo, una vida, que sabes para ti y para todas, en la que no te explican sistemáticamente lo que tú ya sabes? ¿Una vida entera en la que no eres constantemente silenciada para escucharlos a ellos?
Espanha;*esp_cyber *legenda_10;Toda mi vida he tenido complejo por tener poco_pecho. Procuraba usar sujetadores de relleno y poca ropa entallada. Con el tiempo me di cuenta de que lo que hay en la tv, el cine y la publicidad no representa a las mujeres reales. Se crea un modelo de mujer falso y adaptado al deseo_masculino. Me ayudó mucho para vencer este miedo: Hablarlo con mis parejas. Todas me dijeron que les era 100 indiferente, que les gustaba tal y como era. Pero esto no debe ser determinante. Si tu pareja hace crecer tus complejos, por tu bien mándale a la mierda. Hacer topless , al principio era muy difícil, pero con el tiempo me acostumbré y vi que no necesitaba llevar un trozo de tela mojado solo porque el patriarcado ha sexualizado cada parte de mi cuerpo. Además, no había nada que sujetar. No usar sujetadores con relleno y acabar por no usarlo directamente. Fijarme en cómo eran las mujeres que no aparecen en las revistas solo tienes que pasear por la calle y mirar la variedad de cuerpos que existe. ¡Tu cuerpo no te define! Te lo dio la naturaleza de forma aleatoria y es lo único que seguro seguro te va a acompañar toda la vida, así que por salud aprende a quererlo y luchar contra los mensajes que intenten minar tu autoestima.
Espanha;*esp_cyber *legenda_11;"Por la calle señalan a las mujeres que enseñan much"", borran fotos de instagram donde se vea un pezón_femenino, amamantar en público es inadecuado, desnudar el torso en una protesta lo hacen zorras y mamarrachas, el topless sinónimo de provocación. Todo lo que sea porque a nosotras nos apetece es censurable. Y mientras, las calles, los anuncios, las portadas de revistas, los congresos y los eventos deportivos llenos de mujeres cosificadas. ¿La diferencia? Hay una empresa detrás obteniendo beneficios. Usarnos como carnaza, como cebo, sí es legítimo en una sociedad_patriarcal y capitalista"
Espanha;*esp_cyber *legenda_12;El género no solo nos adoctrina para ser sumisas, también nos moldea físicamente para adaptarnos al canon de belleza patriarcal, creado por y para ellos. La aprobación externa por nuestro físico es una constante en nuestras vidas. Queda prácticamente por encima de todo, incluso tiene mayor importancia que nuestras habilidades en muchísimos casos. Los medios son los principales canales de imposición de este canon estético. Un buen ejemplo son las películas de super_héroes, que hacen soñar a niños y niñas, aún libres de la cárcel de la realidad. Ellos se proyectarán como poderosos, valientes y líderes, aparte de tener infinitamente más referentes. En cambio nosotras tenemos que conformarnos con pocas referentes. Solo hay dos películas centradas en super_heroínas: Wonder_Woman y Capitana_Marvel, que reciben comentarios constantes sobre el físico Viuda_negra y Wonder_Woman, que aunque estén luchando para salvar el mundo están cosificadadas, llevan tacones, falda o maquillaje. Por no hablar de cómo luchan, mientras ellos lo hacen a piñazo limpio, nosotras hacemos una serie de coreografías perfectamente diseñadas para enseñar nuestro cuerpo. Una vez aprendemos a aplicar el análisis feminista entendemos que el patriarcado es estructural y todo lo que se crea parte de él, tenemos que esforzarnos para revertir esa configuración de nuestra mente. Y lo más importante que tenemos que tener presente es que esas grandes empresas de Hollywood de poder incalculable, están dirigidas por hombres dispuestos a mantener sus privilegios a cualquier precio. Las películas de masas inyectan género en vena, tenemos que educar a las nuevas generaciones para que no absorban esos mensajes y los asuman sin más.
Espanha;*esp_cyber *legenda_13;Tienes los hombros muy cuadrados o muy estrechos, no recuerdo muy bien cuál era mi problema, ni me lo había planteado, pero los tenía muy algo, estéticamente hablando. En otra ocasión me dijeron: tienes demasiadas pecas y lunares ¿Demasiados para qué? Pocas tetas, mucho culo, poco bronceada, muy lacio, sin curvas, muy fofo, poco curvo, sin brillo, muy caído, tan canoso, muy desigual, poco vigoroso. Hasta el moño, estamos hasta el moño. A Nerea_Rodríguez, la criticaron hace unos días por tener muchos pelos en los brazos. ¿Muchos para qué? ¿Por qué? ¿Quién lo estipula? y lo que es mejor, ¿por qué he de obedecer y encajar con tu mierda de canon de belleza? Deconstrúyete y hablemos de las cosas importantes de la vida. Dedicada con amor y humor.
Espanha;*esp_cyber *legenda_14;Hoy es el dia_internacional_de_la_educacion. Educar en valores, en respeto y en igualdad. Que aun con las bragas bajás y a punto de comenzar el guateque, te diga no y sea no. Que no me presiones para que te mande fotos_privadas, más si es con intención de usarlas sin mi consentimiento. Que no me juzgues por el largo de mi falda. Que cuando me disponga a hablar no me cortes y hables en mi lugar. Podría seguir y seguir y seguir. Por una educación_feminista, que nos beneficia a todos y todas.
Espanha;*esp_cyber *legenda_15;La víctima llevaba unas bragas rojas_con_encaje y ello hace suponer que estaba predispuesta a tener relaciones_sexuales. Además, la supuesta personalidad tímida de ella choca con esta prenda_interior, lo cual indica que se había preparado para ello, para ser violada. Ocurrió en Ica, Perú. Dejo noticia un par de días en mi bio. Con bragas, con tanga, culotte, con ropa_interior que cubra hasta los tobillos, o sin ropa_interior, nada, absolutamente nada justifica una violación.
Espanha;*esp_cyber *legenda_16;El 5_de_julio_de_1985 se aprobó la Ley_Orgánica 9_1985 que despenalizaba el aborto_inducido en 3 supuestos: riesgo grave para la salud_de_la_mujer_embarazada, violación y malformaciones en el feto. Sin embargo, tuvimos que esperar hasta 2010 para tener una ley que de verdad garantizase el aborto_libre: la Ley_Orgánica 2_2010, de 3 de marzo, de salud_sexual y  salud_reproductiva y de la interrupción_voluntaria del embarazo, que entró en vigor precisamente el 5 de julio de ese año.
Espanha;*esp_cyber *legenda_17;Nos trae en su sección Sexualidad_Radical, un regalo para que nos hagamos nosotras mismas. Hablamos de la masturbación, un ejercicio estupendo para conocer no solo nuestro cuerpo, sino también nuestras necesidades y deseos más profundos.
Espanha;*esp_cyber *legenda_18;Durante la década de 1990 Fujimori implantó en Perú un programa_nacional para la esterilización_forzosa de mujeres indígenas, y de mujeres pobres en general, por el que se estima que fueron esterilizadas 270_000 mujeres entre 1996 y 2001.
Espanha;*esp_cyber *legenda_19;Estos días las redes se inundan de mitos que desdibujan la realidad de la violencia_machista. Ayúdame a desmontarlos compartiendo esta info.
Espanha;*esp_cyber *legenda_20;Echar algo en la bebida, sumisión_química, no es un mito, es una realidad que ocurre de manera frecuente. ¿Os ha pasado alguna vez? ¿Y a alguna mujer de tu alrededor? Comparte tu experiencia para ayudarnos entre todas.
Espanha;*esp_cyber *legenda_21;Ayer pregunté en stories y Compartid experiencias en los comentarios para que todas podamos aprender.
Espanha;*esp_cyber *legenda_22;¡Consejo! Extracto de una conversación por mensaje_privado con una chica que me escribe y me cuenta esto. Necesita que le aconsejamos, yo ya le di mi punto de vista, pero estoy segura de que entre todas llegaremos a mejor puerto. Por otra vía, me comenta mi hermana que desgraciadamente estos casos están a la orden del día. Si toca na una nos tocan a todas.
Espanha;*esp_cyber *legenda_23;Nos ha pasado. A todas nos ha pasado que un señor viejo verde que te triplica la edad se te ha insinuado o directamente te ha dicho sin tapujos que te quiere llevar a la cama. Y si de verdad crees que a ti jamás de los jamases te ha pasado, quizá, amiga, es que no lo quieras ver, pero me juego el cuello, repito, me juego el cuello, y pocas veces lo hago, que conoces a más de una chica de tu entorno a la que le ha pasado directamente a ella. Es así. Desgraciadamente es así. Crecen creyendo que su rabo lo puede todo y les pertenece todo.
Espanha;*esp_cyber *legenda_24;¿Influencers_feministas? ¡Pongamos a más de una en nuestras vidas! Etiqueta a tu influencer_feminista, tenga 1 millón de followers o apenas una docena. Si te influencia feministamente, te influencia bien.
Espanha;*esp_cyber *legenda_25;Ya hemos hablado en otras ocasiones de stealthing, concretamente en el Radiojaputa 8 y en el Radiojaputa 101, pero por si todavía hay quien tiene dudas, lo hemos incluido en nuestro diccionario_feminista.
Espanha;*esp_cyber *legenda_26;Volvemos con una nueva entrada en nuestro diccionario_feminista, hoy traemos la definición de Abuso_Sexual_Infantil. Durante todas las temporadas hemos hablado del tema en varias ocasiones, pero merecía un especial, así que en el podcast 158 nos dedicamos en exclusiva a escuchar y acompañar a las primas que quisieron poner voz y contar su historia. En nuestra web tenéis el especial completo y todos los recursos que hemos reunido. Abrazos compañeras.
Espanha;*esp_cyber *legenda_27;Amigas, ¿de qué otras formas os ha salvado el feminismo?
Espanha;*esp_cyber *legenda_28;El ghosting es cero responsabilidad_emocional. Es muy normal sentir decepción pero hay que tener dos cosas claras: Tú no eres la culpable. Mejor si demostró pronto que no era la persona correcta para ti. El amor lleva tiempo construirlo, son los actos, no te creas los cantos de sirenas.
Espanha;*esp_cyber *legenda_29;Las víctimas de violencia_de_género están sometidas a una manipulación tal que no pueden evitar justificar a su maltratador, es muy difícil darte cuenta de que la persona a la que quieres te está haciendo hundiendo emocionalmente y ejerciendo violencia contra ti.
Espanha;*esp_cyber *legenda_30;Educación sexo afectiva para prevenir la violencia_de_género. Etiqueta a las amigas a las que pueda interesarles esta info.
Espanha;*esp_cyber *legenda_31;Gente! El 14 de febrero se aproxima, pero no os debilitéis. Ahora es cuando no hay que bajar la guardia. Dejo esto por aquí para recordarnos que mejor sola que con un machista.
Espanha;*esp_cyber *legenda_32;Parece obvio, pero todavía hay gente que no lo entiende.
Espanha;*esp_cyber *legenda_33;Recordemos: el amor_tóxico no es buena compañía.
Espanha;*esp_cyber *legenda_34;Señordos, que ponen en Tinder que quieren mujeres sin traumas. Esta semana vuelve con su sección  Diagnóstico_patriarcado. Con ella hablamos de las apps_de_ligue, del mito del amor_romántic  y de cómo afecta la salud_mental de las mujeres.
Espanha;*esp_cyber *legenda_35;¡Estrenamos temporada! Vuelve Radiojaputa y lo hace con un podcast Especial sobre hombres_narcisistas. Primero hablamos de banderas rojas, del engaño y de la máscara tras la que se presentan los hombres_narcisistas. Porque la máscara acaba cayendo, y muy pronto comienza el abuso. Descubrimos las consecuencias que sufren las mujeres que han estado expuestas a este tipo de maltrato, y lo hacemos acompañadas de Sol_Andrés, profesora de Psicología_Evolutiva y Psicología_Forense. Analizamos la ruptura y la violencia_vicaria, y nos adentramos en la parte jurídica con Sonia_Vaccaro. Vuestras vivencias y experiencias nos acompañan a lo largo de todo el programa. Terminamos con vuestros consejos, amor y sororidad.
Espanha;*esp_cyber *legenda_36;Por mucho que los suavones, aquí símil de Ángel_Martín, me provoquen un profundo rechazo, porque ya una no necesita empezar una relación con un suavón para saber que, efectivamente, son un aliado del tipo el que tengo aquí colgado, un tío aparentemente integrado en esferas_progresistas porque sabe vestirse de decente y repetir algunas consignas_feministas, y por mucho asquete que me den, no podía desecharlos tan rápidamente porque la alternativa era decantarme por los ramplones, interpretados fielmente por Coronado en este caso. Y tú, ¿qué eliges?
Espanha;*esp_cyber *legenda_37;¿Pensáis que la sociedad nos conduce a las mujeres a la maternidad como destino ideal? Es muy legítimo no desearla. Muchas madres sufren un enorme sentimiento de culpa por pensar que quizás no era el momento adecuado, por pensar que quizás su vida habría sido mejor si no hubieran sido madres. Pero esto no significa que sean malas o que no quieran a sus peques. También sería interesante explorar otras fórmulas_de_crianza, como las colectivas, ¿qué pensáis sobre eso? Etiqueta a las madres que conozcas que no se ajustan al modelo_tradicional.
Espanha;*esp_cyber *legenda_38;Uno de los argumentos más utilizados para ser madre es de mayor vas a estar sola. ¿Qué es estar sola? Las amistades, la familia, compis_de_trabajo o hobbies o una pareja. ¿Eso no cuenta? Además tener hijos no garantiza compañía tampoco. Que tu maternidad sea libre y deseada.
Espanha;*esp_cyber *legenda_39;¿Qué comentarios habéis escuchado aquellas que habéis decidido que la maternidad no es para vosotras?
Espanha;*esp_cyber *legenda_40;Solo venía a decir lo lejos que me siento, y me he sentido siempre, de esa cosa que dicen que siente toda mujer en algún momento de sus vidas y que si no la sientes eres mala mujer, egoísta, diabólica y que para qué has venido a este mundo, esto me lo vino a decir un tipo, si una mujer no quiere procrear, ¿cuál es el sentido de su existencia?. En fin, Serafín, le dije yo, recogí mis cosas y me fui. La no_maternidad es una elección, entérate, Serafín. Cada mujer decide acorde a sus deseos, pues es la que gesta y pare y todo lo demás está de más. Fin, Serafín. Maternidad. Las Mujeres Parimos, Las Mujeres Decidimos.
Espanha;*esp_cyber *legenda_41;Feliz día a los padres, ya sean biológicos o adoptivos, que ejercen como tal, conocen las necesidades de su hijo, gustos, habilidades, preferencias, amistades, entorno. Al resto, que ni sabe ni se preocupa de todo lo que conlleva la paternidad, mira, no. Para ellos no hay feliz día. Y a los compradores_de_bebés que os den muy mucho. Ojalá en unos años, ese bebé ya con conocimiento, eche peste de sus compradores.
Espanha;*esp_cyber *legenda_42;Desde la infancia, desde bien pequeñas se nos manda mensajes para que seamos madres en el futuro, la mejor experiencia de toda mujer, nos dicen. La maternidad debería ser una elección y sin embargo estamos sometidas a presión constantemente, porque mala mujer es aquella que no quiera serlo. Y muy egoísta, claro. Históricamente, se ha considerado la maternidad y la crianza como los roles más importantes en la realización de la mujer, y un deber al que no ha de renunciar ninguna. No sé la de veces que he tenido que explicar que no quería ser madre, todavía eres muy joven, ya te llegará Y dale. Incluso un señoro que vendía libros de segunda mano en la calle en plan venta ambulante, me recriminó que si yo no tenía descendencia, quién se haría cargo de las pensiones y quién contribuiría con el sistema, repito, venta ambulante. La maternidad será deseada o no será, no hemos venido para complacer a nadie, mas que a nosotras mismas. Y por si no os habíais dado cuenta, tenemos un planeta super_poblado y escaso de recursos como para hacernos sentir mal a las mujeres que, pese a toda imposición social, elegimos no ser madres. Nota, bravo por las mujeres que sí quieren serlo, que cada una decida, es de lo que se trata, y feliz_día_de_la_madre para vosotras mañana y todos los días.
Espanha;*esp_cyber *legenda_43;Os rescatamos el inicio de la cuarta temporada, un especial sobre la elección de no ser madres y las presiones a las que nos vemos sometidas antes, durante y después de tomar esa decisión. Prima, no estás sola, en este especial muchas primas nos cuentan su experiencia, sus argumentos y las presiones que han vivido, así que si estás pensándolo o ya lo has decidico te animamos a oirlo y así encontrarte entre otras mujeres que saben por lo que estas pasando. Prima, elegir por nosotras mismas nos hace más libres. Busca el Radiojaputa 91 en nuestra web.
Espanha;*esp_cyber *legenda_44;El SAP es una construcción misógina y sin ninguna base_científica, pero todavía a día de hoy sigue vigente en el imaginario_colectivo, perpetuando el estereotipo de la madre perversa. Tampoco se ha erradicado por completo de los tribunales, sino que vuelve una y otra vez con otras denominaciones. Hablamos de él en los podcast 24, 68, 151 y en el 118 al que dedicamos un programa_especial sobre familias monomarentales.
Espanha;*esp_cyber *legenda_45;En el podcast de esta semana hemos tenido nueva entrega de la sección, esta vez con Belisa_García, que nos cuenta los prejuicios y dificultades a los que se enfrentan las mujeres con discapacidad cuando quieren ser, o son, madres. Alucinemos todas juntas, primas.
Espanha;*esp_cyber *legenda_46;Compórtate como una señorita, significa que hay una serie de normas a seguir. ¿Quién tiene que seguirlas? Las mujeres ¿Quién hizo y sigue haciendo esas normas? Una sociedad_machista y patriarcal ¿Por qué solo para nosotras? Para mantener su sistema de privilegios. Y ¿qué tenemos que hacer nosotras como oprimidas? Cuestionar, aprender, unirnos y luchar.
Espanha;*esp_cyber *legenda_47;Desde que nacemos, aprendemos comportamientos que configuran nuestra forma de desenvolvernos en la sociedad. Esto se hace a través de la socialización, pero es diferente para hombres y mujeres. Esta diferencia de roles son cimientos de la jerarquía_sexual, ya que fabrica en masa hombres opresores y mujeres sumisas. A esto las feministas lo llamamos género. Sin darnos cuenta, todos y todas participamos de alguna forma u otra, porque nos han hecho así. El proceso de deconstrucción es largo y hay que mirar todos los detalles de nuestra vida, lo que regalamos a peques de nuestro alrededor también es importante.
Espanha;*esp_cyber *legenda_48;El género condiciona nuestra existencia. No nos cansaremos de señalarlo. Pensar que la sumisión de las mujeres es una esencia_natural, y no el resultado de una institución política llamada patriarcado, anula la lucha por la liberación de las mujeres. Ya que oculta el origen de la violencia_machista, el sistema patriarcal, y en tal caso no se podría combatir, y defiende que la opresión que sufrimos forma parte de nuestra naturaleza.
Espanha;*esp_cyber *legenda_49;Cada vez que os excusáis, yo digo para mis adentros pobretico, está quedando en evidencia. Querido señoro patéticus, deja de mirarte el ojete y ponte a luchar para acabar con el machismo en todas sus formas, deconstrúyete, haz un análisis profundo, señala toda injusticia, ponte gafas violetas. ¿Te cuento un secreto? Hasta las feministas tenemos pensamientos o actitudes machistas de tanto beber de esta sociedad y hemos de revisarnos constantemente. ¿De verdad crees que porque tú no mates o maltrates ya no tienes trabajo que hacer?. El feminismo es para el bien de toda la sociedad.
Espanha;*esp_cyber *legenda_50;Gracias por tu opinión, sobre algo que no te he pedido. Por hombres como tú, recuerdo por qué hago viñetas como estas. Dedicada a ti.
Espanha;*esp_cyber *legenda_51;Hoy es el Día_de_las_Escritoras. Históricamente la literatura ha sido cosa de hombres. Pero no porque las mujeres no escribieran sino porque, como en muchos otros ámbitos, los hombres que controlaban este mundo, generalmente editores, se encargaron de vetarles el acceso. Ellas, para evitar prejuicios_sexistas y conseguir ser publicadas y leídas, a menudo se veían obligadas a ocultar sus verdaderas identidades bajo seudónimos de hombres masculinos. Un ejemplo típico sería el caso de Charlotte_Brontë, que cuando tenía 20 años envió una selección de sus poemas al poeta británico Robert_Southey y recibió la siguiente respuesta. La literatura no puede ser asunto de una mujer. Por suerte, la futura autora de Jane Eyre ignoró su consejo.
Espanha;*esp_cyber *legenda_52;Amiga, dice Coronado que si te violan tienes que ir a denunciar al segundo_1. Dice que si un tipo en el que confiabas, o un tipo del que dependen tus lentejas, decide un día forzarte, doblegarte, acojonarte y luego asfixiarte y violarte, tú debes vestirte, pillar un taxi y correr a denunciar. Ojo con no disociarte, ni sufrir un episodio_de_despersonalización, ni meterte en la cama para llorar 3 días, ni nada. Dice Coronado que otra cosa que no sea el segundo 1 a él no le vale. Así que no procrastines.
Espanha;*esp_cyber *legenda_53;Los hombres, en general, seguirán siendo violentos y seguirán llenando las cárceles mientras las sociedades no estén diseñadas con perspectiva feminista. Todas las víctimas que ha habido, todas las víctimas que hay y todas las víctimas que habrá, son el precio que pagan las mismas de siempre por un mundo hecho por y para el género_opresor.
Espanha;*esp_cyber *legenda_54;La enemistad entre mujeres no le ha salido bien muchas, muchísimas veces, al sistema_patriarcal. Todas las veces que las mujeres se saltaron esa supuesta competencia eterna, ese odiarse, ese mirarse con lupa para encontrarse defectos, ese desear la validación_masculina más que las demás y ese eterno querer mejorar en belleza a la de al lado, todas esas veces que las mujeres fueron más listas, que se unieron, consiguieron, y conseguimos, y conseguiremos, querernos, a nosotras mismas y a las demás, admirarlas, tejer redes juntas y colaborar.¿Qué opinas sobre esa supuesta competencia entre las mujeres?
Espanha;*esp_cyber *legenda_55;¿A qué edad empezásteis a sufrir acoso_callejero? A esta pregunta casi siempre me responden entre 11 y 13. Miles de mujeres cuentan que han sido acosadas por hombres adultos desde que son menores. Por esta regla de tres hay miles de hombres que acosan a menores.Basta ya de obviar a los hombres en la ecuación de la violencia_machista. Las mujeres no son acosadas, agredidas y asesinadas por un ente desconocido. Varones socializados en un sistema_patriarcal son los que ejecutan la violencia_machista. El patriarcado es una fábrica de hombres violentos, estos no son así por naturaleza.
Espanha;*esp_cyber *legenda_56;¿Qué pasa hoy? Es un día importante, un día marcado en la agenda para recordar objetivos innegociables. Hoy es el día para señalar, para salir a las calles, para comprometerse y sobre todo para coger fuerzas y no sentirnos solas.  Basta de centrar las campañas en nosotras, señalad a los agresores y al sistema que los transforma en eso.  Y a quien esto le parezca contundente o radical, que se revise por qué la violencia_contras_mujeres no se lo parece.
Espanha;*esp_cyber *legenda_57;Todavía quedan muchas injusticias contra las mujeres que tenemos que denunciar, ¿que somos extremistas? ¿por unos carteles llamativos? Extremismo es sufrir una desigualdad brutal sin que se tomen las medidas necesarias.
Espanha;*esp_cyber *legenda_58 Ajustei;¿A qué edad empezásteis a sufrir acoso callejero? A esta pregunta casi siempre me responden entre 11 y 13. Miles de mujeres cuentan que han sido acosadas por hombres adultos desde que son menores. Por esta regla de tres hay miles de hombres que acosan a menores.
Espanha;*esp_cyber *legenda_59;Gracias, hermana, por no callar y al resto por tan necesarias movilizaciones en las calles de tantas ciudades.No fue abuso, fue violación. El Tribunal_Supremo ha condenado por unanimidad a los cinco hombrs miembros de la manada, Antonio_Manuel_Guerrero_Escudero, Jesús_Escudero, José_Ángel_Prenda, Alfonso_Jesús_Cabezuelo, y Ángel_Boza, a quince años de cárcel por un delito continuado de violación. Desdice así lo sostenido por la Audiencia_de_Navara, primero, y por el Tribunal_Superior_de_Justicia_de_Navarra, después, que los consideraron culpables de un delito de abuso_sexual con prevalimiento con nueve años de cárcel pero no de agresión_sexual. El Supremo asegura que se trató de un auténtico escenario intimidatorio en el que la víctima en ningún momento consiente.
Espanha;*esp_cyber *legenda_60;Hoy, de nuevo, una mujer asesinada por su pareja en España. Llevamos más de 50 feminicidios en lo que va de año. Cada día un promedio de 137 mujeres alrededor del mundo mueren a manos de su pareja o de un miembro de su familia, según una información dada a conocer por Naciones_Unidas. Cifras espeluznantes. Basta ya.
Espanha;*esp_cyber *legenda_61;El Radiojaputa 125 es un especial sobre violencia_vicaria, aquella que el maltratador ejerce sobre una mujer a través de terceros, generalmente, de las criaturas. Empezamos repasando algunos casos mediáticos, y entrevistamos a Sonia_Vaccaro, psicóloga forense que acuñó el término violencia_vicaria. Las experiencias de las oyentas a lo largo de todo el programa nos ayudarán a entender hasta qué punto este tipo de violencia es más común y retorcida de lo que cabe imaginar.
Espanha;*esp_cyber *legenda_62;Volvemos a rescatar a Noemí_Gonzáles, maestra y activista_feminista en su entrevista dentro del Especial_Crítica_feminista a la Ley_Trans en el Radiojaputa_113 para hablar sobre coeducación y lo que supodrá su aprobación. La coeducación pasará de ser la herramienta contra el patriarcado como proponemos las feministas, a ser entendida casi como terapia_de_conversión y será castigada si se lleva acabo tanto en escuelas como en familias. Podéis escuchar el podcast completo.
Espanha;*esp_cyber *legenda_63;Este fin de semana se ha publicado un vídeo en el que el dalái_lama forzaba a un niño a que lo besara en la boca. También, copan las portadas las odas a Sánchez_Dragó, orgulloso abusador de unas niñas de trece años.
Espanha;*esp_cyber *legenda_64;No se es más o menos feminista por ir a una manifestación. Se pueden hacer mil cosas igual de efectivas que no pongan en riesgo la salud. Además, tenemos que luchar por nosotras todos los días del año os dejo aquí esta recopilación de frases y que cada una decida cómo usarlas.Empieza la cuenta atrás
Espanha;*esp_cyber *legenda_65;Hoy es el dia_dela_niña Recordemos que necesitamos empoderar a las futuras generaciones. A nosotras nos negaron oportunidades y referentes. Hagamos lo posible por que ellas crean firmemente que son capaces conseguir cualquier cosa, por mucho que la sociedad les diga que no y les ponga mil trampas. Adelante guerreras.
Espanha;*esp_cyber *legenda_66 permanece;Todas estas noticias son el resultado del movimiento_feminista, mujeres que se esfuerzan en todos los ámbitos de su vida para que nuestras condiciones vayan mejorando .Gracias hermanas. Tenemos un objetivo claro, empoderamiento y liberación.
Espanha;*esp_cyber *legenda_67;Ayer. En muchísimas ciudades del mundo. Alzando la voz. Por las que ya no están. Por las que no pueden. Por nosotras y por nuestras hermanas. Por las que fueron, son y serán. Juntas. Somos imparables. Sigamos así. Históricas.
Espanha;*esp_cyber *legenda_68;Un día como hoy, fallecía Simone_de_Beauvoir en 1986. Una mujer que dedicó toda su vida al movimiento feminista y reivindicó en sus obras el reconocimiento de las capacidades y derechos_de_las_mujeres, que tradicionalmente habían estado reservados para los hombres. Enemiga de la burguesía, pero nacida en el seno de una familia acomodada, feminista, pero atrapada en un mundo de hombres, bisexual, pero no abiertamente. La personalidad controvertida de la novelista y filósofa francesa Simone_de_Beauvoir siempre le causó polémicas, pero su carácter persistente y luchador hizo que actualmente sea recordada como una de las protagonistas de la lucha por el feminismo.
Espanha;*esp_cyber *legenda_69;Delante y que el mundo nos oiga 8_m, huelga_feminista. Huelga_Feminista Paráis el mundo, paráis la Historia Vosotras, Mujeres Vosotras, Luchadoras Delante, al frente de la justicia, delante, el futuro ya es presente, delante vosotras, protagonistas Adelante, Huelga_Feminista, Porque nunca más oprimidas, nunca más olvidadas, nunca más heridas vuestra Revolución es Vida Adiós desigualdad, esperanza de equidad, Mujeres libres y vivas Huelga_Feminista.
Espanha;*esp_cyber *legenda_70;Abusos_sexuales_infantiles. Hablamos de quiénes son los abusadores, de secuelas, reacciones del entorno a la revelación, revictimización y la necesidad de venganza.También de sanación y esperanza. Para luchar contra esta violencia hay que conocerla. Nos acompañan Alexandra_Membrive y Noelia_Moreno que nos presenta su libro lolita contra el lobo. Para acabar con el abuso_en_la_infancia_y_adolescencia se necesita una comunidad entera.
Espanha;*esp_cyber *legenda_71;La educación siempre ha sido clave para el feminismo. La primera gran lucha de nuestro movimiento se ha centrado siempre, precisamente, en conseguir el acceso de las mujeres a la educación en condiciones de igualdad. Mantenernos ignorantes era una herramienta ideal para el patriarcado, para someternos y manipularnos.
Espanha;*esp_cyber *legenda_72;Amigas, primas no estamos solas en esto. Sabemos que el feminismo nos abre los ojos, nos quita la venda y nos duele ver todo el machismo y la misoginia que tenemos dentro y alrededor. Así que rescatamos este especial para que al oírlo os sintais acompañadas.Aquí contradicciones tenemos y hemos tenido todas. animarse y soltarlas por aquí y vemos que lo mío también le pasa a otra prima.
Espanha;*esp_cyber *legenda_73;Desliza hoy es el Día_Internacional contra la violencia hacia las mujeres. Es importante salir a las calles, pero lo fundamental es el día a día.Hay que rechazar cualquier tipo de violencia, explícita o no. No posicionarnos nos hace cómplice de ella. Nos vemos en las calles hermanas.
Espanha;*esp_cyber *legenda_74 permanece;Todas estas noticias son el resultado del movimiento feminista  mujeres que se esfuerzan en todos los ámbitos de su vida para que nuestras condiciones vayan mejorando. Gracias hermanas. Tenemos un objetivo claro, empoderamiento y liberación.
Espanha;*esp_cyber *legenda_75;Mañana 25_N únete a la manifestación en contra de la violencia_de_género de tu ciudad. Paremos esta lacra. Comparte, pasa la voz, únete a más compis, sé parte del cambio, la revolución será feminista o no será.
Espanha;*esp_cyber *legenda_76;Mañana salgamos  a las calles para frenar la violencia_machista, por mí, por ti y por todas mis compañeras. Busca tu ciudad, únete y difunde
Espanha;*esp_cyber *legenda_77;"Feminismo, un modo de vida justo, de equidad, necesario, que se olviden de tratarlo como una moda, porque la lucha de todas las mujeres desde tiempos inmemoriables por ser tratadas como personas, por tener los mismos derechos que los hombres, por recuperar lo que el patriarcado les robó y les roba; era, es y será, la forma de vivir que necesita la humanidad. Tal vez ahora se esté visibilizando más su lucha, haya más conciencia, tal vez sea su tiempo, pero que tome nota el machismo y el patriarcado, no es una moda. Y a partir de que nos encontramos en este punto histórico, no hay vuelta atrás, el modo de vida feminista tiene que terminar de llegar a todos los rincones del planeta, a todos los gobiernos y estamentos de poder y de justicia, a todos los corazones de la gente buena. Porque basta ya de violencia_contra_las_mujeres, basta de arrancarles sus vidas, basta de desigualdad. Por ellas, por todas y todos, por un mundo mejor, por una humanidad que merezca la pena, convierte tu modo de vivir en feminista. El machismo y el patriarcado ya son parte del pasado. Hasta nunca."
Espanha;*esp_cyber *legenda_78;El Dia_Internacional de la Mujer Trabajadora, el 8_M, debería servir como un faro de lucha y resistencia para las mujeres trabajadoras, y aquí entramos todas las que si no trabajamos, no comemos. Es decir, el 8_M no es el día de Ana_Botín, no es el día de Ana_Obregón, ni el día de las Carmen_Lomana, las Marta_Ortega, las María_Pombo, las Dulceidas o las Tamara_Falcó, ni de ninguna mujer con menos pompa y seguidores pero que viva de las rentas de los 20 pisos que le dejó su abuelo, ni de ninguna empresaria cuyo capital le llegó de una herencia de su padre. El día 8_M es el día de las mujeres que si no trabajan, no comen. El 8_M es el día de las trabajadoras de Mercadona, que hacen fila en las clínicas de fisioterapia en sus días libres. El 8_M es el día de las limpiadoras del hogar, que trabajan en negro partiéndose el lomo, de las que hacen camas en los hoteles y limpian el wc para que otros se lo encuentren impoluto. El 8_M también es el día de las que no consiguen ahorrar ni 100 euros, y de las que necesitan 100 euros más para llegar a fin de mes. ¿Tú crees que sí es el día de todas las mujeres?
Espanha;*esp_cyber *legenda_79;Compañeras, que no nos tiemble la voz al gritar, abolición o barbarie. Porque ya sabéis todas cuál es el único feminismo sensato que existe, ¿verdad?
Espanha;*esp_cyber *legenda_80;Mientras haya una sola mujer o niña convertida en esclava_sexual, ninguna de nosotras va a ser libre.
Espanha;*esp_cyber *legenda_81;Compórtate como una señorita significa que hay una serie de normas a seguir. ¿Quién tiene que seguirlas? Las mujeres ¿Quién hizo y sigue haciendo esas normas? Una sociedad_machista_y_patriarcal ¿Por qué solo para nosotras? Para mantener su sistema_de_privilegios. Y ¿qué tenemos que hacer nosotras como oprimidas? Cuestionar, aprender, unirnos y luchar.
Espanha;*esp_cyber *legenda_82;La sexualidad, construída por y para los hombres, da a las mujeres un papel pasivo, secundario y en consecuencia, nada igualitario. Esto implica que muchas no sean capaces de decirle a su pareja sexual que no lo hacen bien en la cama ni indicarle cómo realmente le gusta y opten por fingir orgasmos. Chicas, mujeres, si vuestras relaciones_sexuales no son plenas y satisfactorias, no os calléis. Etiquetad a las amigas que creais que deban saber esto.
Espanha;*esp_cyber *legenda_83;Nuestras abuelas fueron criadas para ser esposas y madres y educarnos como tal... pero muchas de ellas han comprendido que nuestro destino lo elegimos nosotras  ¿Os pasa con vuestras abuelas?
Espanha;*esp_cyber *legenda_84;Hoy es el Día_Internacional del Trabajo_Doméstico. En la mayoría de los casos, realizado por mujeres. Se trata de una labor invisible, sin reconocimiento, sin pago, con jornadas muy largas. Y para más inri, no siquiera se le considera trabajo, sino una obligación casi natural de las mujeres... Las encuestas dicen que cuando ambos trabajan fuera de casa, las mujeres dedican más del doble de horas semanales a las actividades domésticas con respecto a los hombres y en cuanto al tiempo dedicado a las e los hijas e hijos, vuelve notablemente a ponerse de relieve las diferencias de horas invertidas entre ambos sexos.
Espanha;*esp_cyber *legenda_85;La de veces que me han pedido eso, curiosamente todos machos, cuando trabajaba en bares. Se trata de dar un buen servicio y por supuesto buen trato, pero no somos tus floreras para hacer bonito.
Espanha;*esp_cyber *legenda_86;Androcentrismo hace referencia a la práctica, consciente o no, de otorgar al varón y a su punto de vista una posición central en el mundo, las sociedades, la cultura y la historia. Desde una perspectiva androcéntrica, los hombres constituyen el sujeto de referencia y las mujeres quedan subordinadas, invisibilizadas o excluidas.Androcentrismo es que la endometriosis siga siendo tan desconocida, que no importe la violencia_obstétrica y que todavía tengamos que seguir peleando por el derecho_al_aborto en demasiados países todavía y velando por no retroceder en este derecho donde ya está, si el embarazo fuese cosa de ellos, otro gallo cantaría. O que no se contemplen los efectos secundarios de los fármacos en nosotras. Píldoras_anticonceptivas para nosotras cuando nosotras solo somos fértiles unos días al mes y ellos todos los días. Androcentrismo es que en ilustraciones de la evolución de la humanidad, cuando no se dice del Hombre, siempre aparezcan ilustraciones de ellos. Androcentrismo es el genérico_masculino. Androcentrismo son tantas cosas que pasan desapercibidas, que si no te paras a analizar podrías no darte ni cuenta. Hay más ejemplos de androcentrismo, ¿Comentamos? Os leo No sé si cuadra la ilustración con el texto, pero es o son sus polla_ombligo la que rige el mundo.
Espanha;*esp_cyber *legenda_87;Ruptura del feminismo con la misoginia_queer.  Kollontai y La_Bolchevique_Enamorada. Entrevistas a filósofas y teóricas_feministas. Apropiación vs Extractivismo_cultural. Pacifismo por obligación es pasividad_forzada. Mensajes sociales que separan a niñas de niños.
Espanha;*esp_cyber *legenda_88;Hablamos de Jamaica, un país bastante conservador por la influencia del cristianismo, sin apenas datos o estadísticas sobre violencia_machista y con algo llamado regla_del_decoro, solo para mujeres, claro.
Espanha;*esp_cyber *legenda_89;El papa sobre las suegras: Sed buenos con ellas. pero antes ellas han de pagar un peaje, seguir haciendo todo lo que hacen con la boca cerrada.
Espanha;*esp_cyber *legenda_90;No hay cosas de niño o de niña, ni cerebros azules o rosas, es la sociedad la que nos enseña a ser diferentes. Si estás de acuerdo comparte.
Espanha;*esp_cyber *legenda_91;Desde que tengo uso de razón recuerdo anuncios donde chicas les decían a sus amigas que no podían ir a la playa o la piscina con ellas porque tenían vello. Escuchar eso durante toda la vida convierte en un desafío salir a la calle sin depilar. Si te depilas, genial. Si no te depilas, genial. Y recuerda, el vello ajeno no es asunto tuyo. Buen día feministas, hoy me tomo el día libre que es mi cumple.
Espanha;*esp_cyber *legenda_92;Me he acordado de este día cuando hablamos sobre amor y sexo, porque he escuchado a un señor decir que las mujeres son más románticas y los hombres más fogosos por naturaleza. Esto es totalmente falso. La sociedad construye muchas cosas, entre ellas el deseo. Y cuando llevas viendo toda la vida el mensaje de que una mujer muy activa_sexualmente es algo que se sale de la norma e inapropiado, al final acabas asimilándolo. No llevamos en el ADN tener menos deseo_sexual que los hombres, simplemente la sociedad_patriarcal se lo permitió a ellos y a nosotras no. Visibilizad esto cada día hermanas.
Espanha;*esp_cyber *legenda_93;"Ahora que se acercan estas fechas tan señaladas, reflexionemos acerca de ello, y fuera estereotipos. Los pasillos de la mayoría de las tiendas de juguetes desgraciadamente siguen divididos en rosa para las niñas y azul para los niños. En general la sección de niños es de colores sólidos e implica energía, audacia, competencia; mientras que la sección de niñas es de colores suaves y transpira belleza, vanidad, orden y domesticidad. Por eso, tristemente no nos sorprendemos, aunque debería, cuando un niño rechaza un juguete de características femeninas alegando que es de chicas. Los juguetes_sexistas reproducen el estereotipo de sociedad_patriarcal, machista, en la que la mujer limpia y cuida de los bebés limitando su potencial para abarcar otras tareas mientras que el hombre construye, inventa y crea ajeno a las tareas del hogar. Es responsabilidad de todos y todas que esto sea parte del pasado."
Espanha;*esp_cyber *legenda_94;Me quedo impresionada con la cantidad de gente que sigue diciendo que tener pelo en el hombre es natural y en la mujer no. Perdón, pero natural es en ambos casos. Imposiciones es lo que nos quieren vender. Que cada un e una decida qué hacer.
Espanha;*esp_cyber *legenda_95;Ilustración de una servidora con maravilloso texto. Sexo no es género. La semana pasada, compartí un post en el que explicaba las diferencias entre sexo y género. Parece ser que aún no está muy claro, porque en algunos casos, seguís utilizándolos como sinónimos y en otros, me decís que no lo entendéis muy bien. Puntualizo algunos conceptos del artículo de mi blog. Enlace en bio e historias. Mirad este otro dibujo que ha preparado, refleja a la perfección el significado de cada idea. Millones de gracias por tu trabajo. El sexo es una característica_biológica que se transmite genéticamente, marcando las diferencias físicas. Hay dos sexos, hombres, machos y mujeres, hembras. El sexo es inmutable. Se puede observar, por ej, entre las piernas. Se tiene vulva o pene. Según estos genitales externos, desde el nacimiento, la mayoría de niñas son criadas para ser complacientes, sumisas, débiles, sensibles, emocionales y para que se dediquen a las tareas domésticas y los cuidados de las personas. Y la mayoría de niños, serán criados para que tengan un rol dominante, se responsabilicen del dinero que entra en el hogar, seguros de sí mismos y no exterioricen las emociones, etc. A esto se le llama género. Es, por tanto, un constructo social. Es algo que aprendemos. Dicta cómo deben ser y comportarse los hombres, masculinidad y las mujeres, feminidad. El género, no el sexo, es lo que crea las desigualdades_sociales. No hay nada en nuestros genitales, sexo, que haga a las mujeres inferiores a los hombres. El sexo, la vulva y la vagina, por sí mismo no explica las desigualdades que sufrimos las mujeres. Sin embargo, es el motivo por el que las sufrimos. La biología, menstruación, menopausia, las molestias derivadas de estas, dolores del parto, los amamantamientos, crianza, cuidados, ha limitado enormemente a la mujer y es la causa de q estemos subordinadas al hombre. Pero el ser humano no es solo animal, es más cosas. De ahí, la necesidad de que esta opresión acabe. Si queremos eliminar la violencia_de_género, estructural, que no la violencia_intrafamiliar, tenemos que educar en igualdad a niñas y niños.
Espanha;*esp_cyber *legenda_96;El 19_de_diciembre_de_2011, la Asamblea_General_de_las_Naciones_Unidas adoptó la Resolución_66/170 para declarar el 11 de octubre como Día_Internacional_de_la_Niña. Desde 2012, se conmemora cada 11 de octubre. El hecho de nacer niña o niño determina las oportunidades de una persona para tener acceso a salud, educación y protección. Partir de esta evidencia es clave para abordar la defensa de los derechos_de_la_infancia. El Día_Internacional_de_la_Niña se conmemora cada año para crear conciencia sobre la situación de las niñas en el mundo, reconocer sus derechos y los desafíos únicos a los que se enfrentan, especialmente en los países en desarrollo, así como promover su empoderamiento y el cumplimiento de sus derechos_humanos.
Espanha;*esp_cyber *legenda_97;Ya estamos muy acostumbradas a ver aviones por todas partes. Pero os podéis imaginar el impacto_social que tuvo la aviación cuando nació. Tenía algo casi mágico, y se convirtió en un ámbito con un cierto aura de leyenda, reservado a gente pionera, habilidosa y valiente hasta lo temerario, porque en los inicios de la aviación, volar era especialmente peligroso, claro. Un espacio además muy competitivo, que casaba muy mal con la idea tradicional de la feminidad y de la mujer. Así que las pioneras de la aviación fueron mujeres que desafiaron de forma muy directa los estereotipos_de_género.
Espanha;*esp_cyber *legenda_98;Hoy celebramos el nacimiento de Catharine_Mackinnon. Estudió derecho y se acercó al marxismo y al feminismo_radical desde el ámbito académico. Empezó a reflexionar sobre la desigualdad_entre_sexos, y a intentar promover cambios palpables en la legislación_patriarcal_estadounidense. Catharine concentró sus esfuerzos en luchar_contra_la_violencia, la explotación y los abusos_sexuales_contra_las_mujeres desde el pensamiento_legal_feminista. También ha sido muy activa contra la pornografía, consciente de que fomenta la violencia_contra_la_mujer. Otro frente en el que MacKinnon ha puesto mucho empeño es el de la lucha_contra_a_prostitución y la trata, donde luchó mano a mano con Andrea_Dworkin.
Espanha;*esp_cyber *legenda_99;Las mujeres nos enfrentamos a muchas barreras en el mundo profesional, techo_de_cristal, suelo_pegajoso, brecha_salarial, acoso_laboral, uniformes_machistas, exigencias_estéticas, aparte de ser las que dominamos las estadísticicas de empleos_precarios_y_temporales. No os conforméis con una situación de explotación y desigualdad. No tenemos por qué estar todo el rato sonriendo y buscando cosas buenas entre tanta mierda. No es cuestión de tirarlo todo por la borda, pero sí podemos ir buscando otras opciones antes de que la situación nos sobrepase.
Espanha;*esp_cyber *legenda_100;Hoy y siempre.
Espanha;*esp_cyber *legenda_101;Conozco el proyecto de Tati desde hace mucho y quería vos enseñar.
Espanha;*esp_cyber *legenda_102;Dime algo cuando llegues, me quedo más tranquila. Esta es una práctica que cada vez se hace más y no es por paranoia nuestra, es porque cada vez somos más conscientes de las atrocidades a las que estamos expuestas. Esperemos que llegue el día en que no sea necesario
Espanha;*esp_cyber *legenda_103;Hermosuras, este es un tema importante, ya que seguramente habremos visto ilustraciones aconsejando poner las llaves entre los dedos para defenderte, cuando en realidad muchas profes de autodefensa lo desaconsejan totalmente, ya que con mucha probabilidad solo lastimará, haciendo que nuestra defensa sea menor. Si podéis difundir, eso que nos llevamos.
Espanha;*esp_cyber *legenda_104;Sí alguna quiere se pone violenta, hay cursos de defensa personal gratuito en Madrid. Si me escribes, te paso la info. Cómo somos, ¡¿eh?!
Espanha;*esp_cyber *legenda_105;Las oyentas de Radiojaputa, colaboradoras y compañeras del equipo hemos hecho este clip de audio, un amiga, date cuenta sonoro. Son frases con banderas rojas. Ojalá llegue a muchas, muchas adolescentes y mujeres de todas las edades para que sepan que no es normal, no está bien, no es amor. Para que se sientan creídas, acompañadas y legitimadas para acabar con esa relación.
Espanha;*esp_cyber *legenda_106;Un 28 de diciembre, de hace ahora 17 años, se publicaba la Ley Orgánica 1/2004, de Medidas de Protección. Integral contra la Violencia de Género. En el Radiojaputa 104 repasamos la historia reciente del feminismo en España.
Espanha;*esp_cyber *legenda_107;Seguimos recibiendo audios para nuestro Especial sobre hombres narcisistas, con el que estrenaremos la 7 temporada.
Espanha;*esp_cyber *legenda_108;No dejes que el patriarcado te diga cómo debes amar. Las feministas llevamos mucho tiempo reconstruyendo el concepto del amor, uno que no sea dañino para nadie, que no cree dependencia y que no sitúe en el centro de tu vida a otra persona que no seas tú misma. Siempre nos han machacado con estas frases rancias que nos hacen olvidar todo por ese flechazo, ese supuesto amor intenso e indestructible desde el primer segundo, para nos hacer vulnerables y entregadas ciegamente. Parece que estuviera tallado en piedra cómo es el amor que te hace vibrar, pero nosotras podemos lo reescribir, sacarnos ese veneno que intoxica uno de los sentimientos más intensos que existe. ¿Qué otros mitos del amor romántico deberíamos reescribir?
Espanha;*esp_cyber *legenda_109;Otro de los mitos del amor_romántico, ese que nos vuelve imbéciles y sumisas y que tenemos arraigado por culpa de las comedias románticas y las pelis Disney es el Mito del emparejamiento. Si no tienes pareja eres una fracasada, eso es básicamente lo que nos quieren transmitir. Pero no! No caigamos en esa mentira! Si el amor aparece en nuestra vida, pues guay, si no, guay también. ¡La única persona imprescindible en tu vida eres tú! Y eso es lo que queremos transmitir desde la campaña No puedo vivir sin mi en la que colaboro con la ONG. Todos los beneficios van para sus acciones con mujeres y niñas a nivel internacional. Puedes encontrar la camiseta en el enlace de la bio. Mil gracias!
Espanha;*esp_cyber *legenda_110;Celebrar el amor con alguien que te respeta, te quiere y te cuida es algo emocionante y maravilloso. Para saber que estamos en una relación sana y feliz antes tenemos que nos deshacer de todas esas ideas tóxicas de amor romántico. Desde el feminismo intentamos lo deconstruir, pero solo entre todas y todos podremos cambiar nuestras relaciones y enseñar a las futuras generaciones cómo querer bien.
Espanha;*esp_cyber *legenda_111;No es amor, es trabajo no pagado. Basado en una maravillosa iniciativa de @libproyeccion que recomiendo que sigáis.
Espanha;*esp_cyber *legenda_112;A mí la idea esa de un amor de ensueño me produce urticaria Por supuesto que estoy enamorada del chico que se levanta a mi lado cada mañana desde hace 7 años, pero con el tema empalagoso y azúcar de más, especialmente en las redes, me sale la macarra que llevo dentro en su máxima potencia. A amar todos los días, empezando por una misma.
Espanha;*esp_cyber *legenda_113;El amor no puede ni debe ser un candado cerrado, ni una cadena para retener al otro a tu lado a la fuerza. En realidad el amor es libertad no coaccionada para elegir y que te elijan. Sin libertad no hay amor, amor del bueno, sino control y dominio sobre la otra persona. El amor bien entendido no puede ni debe ser tóxico.
Espanha;*esp_cyber *legenda_114;Amiga, bestia no va a cambiar.
Espanha;*esp_cyber *legenda_115;Es muy difícil encontrar una definición de amor_romántico con la que todo el mundo esté de acuerdo, eso es verdad. Sin embargo, si en pleno siglo 21 me quieren vender que el amor de verdad es el que sientes por un tipo que acabas de conocer en un tren conmigo, definitivamente, que no cuenten.
Espanha;*esp_cyber *legenda_116;El mal amores tiene mucho de construcción social. El fracaso que supone socialmente se junta con un mito del amor romántico no conseguido, y con heridas en el ego que a veces se sienten como heridas en el corazón.
Espanha;*esp_cyber *legenda_117;La conciliación, una de las eternas olvidadas para gran parte de la sociedad y de la clase política.
Espanha;*esp_cyber *legenda_118;Escoger en función del mérito es lo ideal solo si todos los aspirantes han tenido las mismas oportunidades para llegar hasta ahí. Pero ya hemos visto que eso no es cierto. No solo eso, sino que actualmente ya se viene decidiendo en favor de un género: el masculino.
Espanha;*esp_cyber *legenda_119;El género_masculino domina la política, los medios de comunicación, las instituciones y ¡sorpresa! también la cultura. ¿Qué pensáis de estas cifras? Me sumo al movimiento Sin Mujeres No Voy ilustrando los datos recopilados por Territorio de Nabos.
Espanha;*esp_cyber *legenda_120;Vender mecheros yo no quiero. Más no me queda otro sustento, si mi puesto conservar pretendo, trabajar gratis hasta fin de año debo. Subsistiré con lo q pueda y comeré menos. Venderé poemas, chicles y pañuelos. Esto sí es radical, esta brecha salarial, Gracias por su aportación. Mi estómago y el de mis hijxs se lo agradecerán. Esto eh lo que hay, mujé.
Espanha;*esp_cyber *legenda_121;"La carga mental es un peso invisible que se genera por el esfuerzo mental constante, por estar en continuo estado de alerta y así atender a todo como corresponde; darse cuenta de qué hace falta, anticipar, planificar, deliberar, comprobar, decidir, supervisar, etc y que, ohhh, sorpresaaa, la mayor parte de las veces son asumidas por las mujeres. El 71 de 100 de las mujeres sufre carga mental y solo el 12 de100 de los hombres lo experimenta, según datos del estudio realizado en España por la web Próxima."
Espanha;*esp_cyber *legenda_122;Hoy marchamos virtualmente por la abolición de la prostitución, pornografía, explotación reproductiva de las mujeres y los roles_de_género. Une y difunde. Alcemos nuestras voces.
Espanha;*esp_cyber *legenda_123;Hoy rescatamos este fragmento de nuestro especial Ley Trans, donde hablamos con nuestra compañera sobre los conceptos despatologización y desestigmatización. Además queremos mostrar todo nuestro apoyo y cariño por el acoso y persecución que está sufriendo. Tu despido es prueba de ello. Sin pensamiento crítico no hay educación posible.
Espanha;*esp_cyber *legenda_124;En el Radiojaputa 182 hablamos de mujeres, unas pocas, solo, cuyo trabajo ha sido invisibilizado o directamente robado e instrumentalizado por varones. Y eso, amigas, teniendo en cuenta, que a la inmensa mayoría de las mujeres que han sido robadas, mangoneadas y expoliadas ni las conocemos ni las vamos a conocer jamás, como siempre lo que sabemos es la punta del iceberg.
Espanha;*esp_cyber *legenda_125;Ya estamos muy acostumbradas a ver aviones por todas partes. Pero os podéis imaginar el impacto social que tuvo la aviación cuando nació. Tenía algo casi mágico, y se convirtió en un ámbito con un cierto aura de leyenda, reservado a gente pionera, habilidosa y valiente hasta lo temerario porque en los inicios de la aviación, volar era especialmente peligroso, claro. Un espacio además muy competitivo, que casaba muy mal con la idea tradicional de la feminidad y de la mujer. Así que las pioneras de la aviación fueron mujeres que desafiaron de forma muy directa los estereotipos de género. ¿Conocías ya a alguna mujer pilota?
Espanha;*esp_cyber *legenda_126;El patriarcado dice: cásate, cuida a tu marido y dale muchos hijos, el trabajo va después.
Espanha;*esp_cyber *legenda_127;Un buen padre es el que se responsabiliza todos los días de la crianza de su hija/o. ¡¡Etiqueta a madres y padres que conozcas para que cuenten su experiencia sobre corresponsabilidad!!
Espanha;*esp_cyber *legenda_128;Y esta viñeta me recuerda aquello que hablamos de la cantidad de padres que no sabían la edad de sus hijos
Espanha;*esp_cyber *legenda_129;El delito de María Salmerón: no haber llevado a su hija, en ese momento menor de edad, al punto de encuentro familiar para que viera a su padre, tal como lo había acordado la justicia. María, víctima de violencia machista, explica que su único interés fue el de respetar la voluntad de su hija de no querer ver a su padre y protegerla. Él fue condenado a 21 meses de cárcel y alejamiento por la agredir, pero nunca llegó a cumplir dicha condena, ni siquiera le fue conmutada por trabajos a la sociedad. Ahora, en breve, María tendrá que entrar en prisión 9 meses. Ella. Ella. Ella. Otra vez Ella. Dejo enlace a la noticia en mi perfil por unos días.
Espanha;*esp_cyber *legenda_130;Puede que este año no haya muchos invitados/as, puede incluso que ninguno, y ni siquiera se canten villancicos, pero igualmente Rosi sabe perfectamente quién se encargará de todos los
Espanha;*esp_cyber *legenda_131;Algunos papis se olvidan y o se olvidaron de que eran papis No sé si me explico Pero las mamis siempre son miradas con lupa en cada mínimo movimiento, con lupa.
Espanha;*esp_cyber *legenda_132;Polonia es uno de los países más católicos de Europa, y uno de los países donde la Iglesia tiene más poder y más capacidad para influir en la vida pública y política. Ya nos podemos imaginar qué significa eso para las polacas, ¿no? Esta influencia religiosa hace que esté arraigadísima una ideología patriarcal que subraya el papel de las mujeres polacas como esposas, como encargadas del hogar y sobre todo como madres.
Espanha;*esp_cyber *legenda_133;Pese a su ilegalización en 2007, el matrimonio infantil sigue siendo un problema grave en Sierra Leona. Entre el 40 y el 50 de 100 de las adolescentes del país se han casado antes de cumplir los 18 años. Esto se solapa y retroalimenta con otros problemas como la altísima mortalidad materna, la mayor del planeta según la ONU.
Espanha;*esp_cyber *legenda_134;Y el padre, ¿dónde está? Las familias tienen un padre y una madre. Parece una película en blanco y negro pero, no, hablamos de la Comunidad de Madrid y del año 2023.
Espanha;*esp_cyber *legenda_135;Como ya os contamos, en Feminista ilustrada hemos empezado una etapa centrada en el emprendimiento femenino y el desarrollo profesional. Estamos ofreciento contenido gratuito y de libre acceso para las mujeres que quieran crecer en su carrera_profesional.
Espanha;*esp_cyber *legenda_136;Datos del informe Emprendedoras de EAE Women Initiative entidades que hablan de igualdad pero no tienen un compromiso real, por eso nos alegra tanto cuando comprobamos en primera persona el trabajo que hacen las que sí lo tienen. Podéis encontrar el informe completo en stories y luego en stories destacados. En 2019, tuvieron en el laboratorio de emprendimiento cerca de 545 alumnos participando y el 47 de 100 eran mujeres. En 2020, la cifra se mantuvo muy cerca, llegando al 49 de 100.
Espanha;*esp_cyber *legenda_137;Conoce la iniciativa en el canal y ayúdanos a visibilizar el papel de la mujer en el sector de la construcción.
Espanha;*esp_cyber *legenda_138;La OIT subraya la importancia de adoptar el principio de igual remuneración por trabajo de igual valor, entre tras medidas. Dejo articulo en relación con esto en mi perfil durante unos días. Las mujeres sacan menos rendimiento económico a su educación que los hombres: ellas estudian más pero cobran menos. Aprovechad, especialmente los que dicen librichisiliriilniixisti para leerlo.
Espanha;*esp_cyber *legenda_139;La de veces que me han pedido eso, curiosamente todos machos, cuando trabajaba en bares. Se trata de dar un buen servicio y por supuesto buen trato, pero no somos tus floreras para hacer bonito.
Espanha;*esp_cyber *legenda_140;Hoy es el día por la gualdad salarial, brecha_salarial e feminismo.
Espanha;*esp_cyber *legenda_141;Hoy es el Día Europeo de la Igualdad_Salarial, una fecha en la que recordamos que las mujeres europeas cobramos de media un 15 de 100 menos que nuestros compañeros, teniendo que trabajar 418 días, 53 más, para igualar el sueldo de los hombres en 1 año. Es decir, las mujeres tendríamos que trabajar hasta el 22 de febrero del año siguiente para alcanzar el salario de un hombre, por ello se eligió este día para llamar la atención sobre la brecha salarial. La igualdad salarial no es solo una cuestión de justicia, sino que también impulsaría la economía, ya que las mujeres obtendrían más recursos que se acabarían traduciendo en más gasto. Esto aumentaría la base impositiva y aliviaría parte de la carga sobre los sistemas de asistencia social. Las estimaciones muestran que una reducción de un punto porcentual en la reducción de la brecha salarial de género daría como resultado un aumento en el producto interior bruto del 0,1 de 100.Para ampliar la información sobre esta cuestión, hoy incorporamos el concepto de brecha salarial a nuestro Diccionario_Feminista.
Espanha;*esp_cyber *legenda_142;No mires arriba no se deja nada en el tintero, incluso se toma su espacio y tiempo para visibilizar una lacra machista histórica: la invisibilización y negación de científicas y descubridoras, y cómo sus méritos acaban en manos de hombres. ¿Qué opináis?
Espanha;*esp_cyber *legenda_143;Esta semana hemos tenido con nosotras a Belisa hemos hablado sobre los datos, estudios y condiciones que se tienen en cuenta para saber la brecha salarial de las mujeres con discapacidad.
Espanha;*esp_cyber *legenda_144;Todo lo que necesitamos para empoderarnos está en nuestro interior. Olvidemos las falsas herramientas empoderantes que el patriarcado ha diseñado para nosotras: productos y acciones que en el fondo solo buscan la aceptación de los hombres. Pero el empoderamiento colectivo no basta, porque la desigualdad se combate desde las instituciones. Y si los espacios siguen cerrados a las mujeres, por muy empoderadas que estemos, no vamos a entrar.
Espanha;*esp_cyber *legenda_145;No hace falta que seamos unas mártires del feminismo, podemos aportar mucho con pequeñas decisiones del día a día ¿Qué hacéis vosotras?
Espanha;*esp_cyber *legenda_146;Está siendo una semana especialmente dura, con tanta censura y fascismo legitimado, y la incertidumbre de si, el domingo, cambiarán nuestras vidas y retrocederemos décadas. Solo puedo deciros que, como mujeres, no nos queda otra que luchar, sí o sí por nuestros derechos. Sea cual sea el color que llene los asientos del Congreso tenemos que estar fuertes y unidas. Podéis poner todas las excusas que se os ocurran para no votar: No quiero participar en este sistema. No va a cambiar nada Todos son iguales No me convence ningún partido. Pero la realidad es que, si no votamos, la derecha suma, y es el comienzo de una etapa donde el machismo, el racismo y la lgtbifobia estarán legitimadas. Gracias por vuestra fuerza estos días. Os habéis volcado con la censura que me acosa desde que empecé a hablar de política diciendo lo que los medios no se atreven. Cada vez sois más las que me decís que no podéis entrar a ver mis stories, que nunca os aparezco en el timeline, que no me encontráis en el buscador, que no podéis etiquetar pero no conseguirán que el miedo a perder esta cuenta y todo el trabajo que hay detrás me supere y me silencie. Gracias a todas por compartir mi trabajo. Un abrazo hermanas.
Espanha;*esp_cyber *legenda_147;Ni un paso atrás, hermanas. Ahora, en tiempos convulsos, más unidas que nunca.
Espanha;*esp_cyber *legenda_148;Somos tan valientes que vamos a cambiar el mundo. Hoy, muchas valientes en las calles gritando abajo el patriarcado, arriba el feminismo, basta ya de justicia patriarcal, vivas nos queremos, ni una menos Porque cada vez somos más y más fuertes. ¡Sigamos, compañeras!
Espanha;*esp_cyber *legenda_149;Para las personas que se pregunten por qué tiene que haber un Día de la Niña, les recordamos que, desde que nacen, el patriarcado y el machismo ya van condicionando las vidas de todas las niñas del mundo y, en algunos casos, supone además el sufrimiento de violencia, abusos y explotación de todo tipo. Si tanto molesta este día, que luchen para que la Infancia sea igualitaria y equitativa, y todas las niñas y todos los niños puedan crecer sanos, libres y educados desde el ámbito feminista, para que en el futuro, esos niños no sean hombres machistas, maltratadores, violadores, etc, y esas niñas sean mujeres que no sufran ninguna discriminación, ninguna cosificación, ningún techo de cristal, ningún tipo de violencia, ninguna injusticia y no sean menos que nadie.
Espanha;*esp_cyber *legenda_150;Nos hemos colado, amigas, en las casas de todas las niñas, adolescentes, jóvenes, para decirles: eres importante, no se toca si tú no quieres, eres valiosa, y por ti gritaremos como hienas rabiosas.
Espanha;*esp_cyber *legenda_151;Aquí os dejamos otra frase de Simone_de_Beauvoir que deberíamos tener grabada a fuego, ya que en los tiempos que corren nos viene al dedo. Así que prima, no decaigas, abre bien los ojos, sigue firme a las bases del feminismo y alza la voz, no estas sola, estamos entre el resto, sólo tenemos que encontrar y seremos más fuertes.
Espanha;*esp_cyber *legenda_152;Feminismo no es sinónimo de pacifismo. Y no pasa nada.
