idioma,texto_entidade,tipo_entidade,contexto
pt,Silvia Federici,PER,"Isso que chamam de amor é trabalho não pago, Silvia Federici."
pt,Silvia Federicci,PER,"Para a autora Silvia Federicci o trabalho_doméstico é o mais importante da sociedade, pois dá origem aos trabalhadores, e sem eles, não há trabalho."
pt,padrão_de_beleza,ORG,A ideia não é julgar quem se adequa cotidianamente ao padrão_de_beleza.
pt,Damia,PER,Foi só a mexicana Damia entrar no BBB_23 que a gente assistiu ao maior exemplo de como mulheres são tratadas como pedaço_de_carne.
pt,BBB_23,LOC,Foi só a mexicana Damia entrar no BBB_23 que a gente assistiu ao maior exemplo de como mulheres são tratadas como pedaço_de_carne.
pt,Sapato,PER,Guimê e Sapato disputaram quem colocaria Damia em uma pior situação de assédio.
pt,Damia,PER,Guimê e Sapato disputaram quem colocaria Damia em uma pior situação de assédio.
pt,Lexa,PER,"Guimê, casado, expõe a esposa Lexa, aqui fora, ao constrangimento de lidar com uma responsabilidade que não é dela, com a culpabilização por ter confiado em um homem que estaria cercado por câmeras e mesmo assim não se intimidou ao assediar."
pt,Helena.milanez,PER,"Você pode ser um apoiador pelo link na minha bio, ou pelo picpay (Helena.milanez) ou pelo pix FaunaMiniaturas@gmail.com."
pt,pix FaunaMiniaturas@gmail.com,ORG,"Você pode ser um apoiador pelo link na minha bio, ou pelo picpay (Helena.milanez) ou pelo pix FaunaMiniaturas@gmail.com."
pt,Anitta,PER,"Coloquei a Anitta porque tinha muita gente usando ela como exemplo pra desqualificar a problematização da objetificação, e eu acredito que exista diferença em uma pessoa com carreira de música postar foto da própria bunda e um cara que posta fotos de bundas de mulheres que só estão lá por serem gostosas."
pt,Anitta,LOC,Mas entendo que a questão Anitta é controversa.
pt,Daniel Alves,PER,"Desde a denúncia de estupro contra o jogador Daniel Alves, a defesa apresenta versões diferentes e que se contradizem."
pt,Daniel Alves,PER,Médicos e especialistas caracterizaram como absurda a tentativa de manipular um provável mecanismo de defesa do corpo_da_mulher para inocentar Daniel Alves.
pt,Britney Spears,PER,"Britney Spears ilustra algumas das situações de assédio e misoginia que a cantora foi vítima, como quando um apresentador perguntou se ela ainda era virgem e outro questionou sobre o tamanho de seus seios."
pt,misoginia,LOC,"Britney Spears ilustra algumas das situações de assédio e misoginia que a cantora foi vítima, como quando um apresentador perguntou se ela ainda era virgem e outro questionou sobre o tamanho de seus seios."
pt,Britney,PER,"Em dois mil e sete, sufocada por tamanha pressão_psicológica que a fama lhe trouxe, Britney passou por um momento profundamente delicado em termos de saúde_mental, e teve sua imagem associada a de uma mulher desequilibrada e louca."
pt,Jamie Spears,PER,"Por conta desses eventos, desde 2008 a cantora está sob tutela exclusiva do pai Jamie Spears, que controla suas finanças e, essencialmente, todos os outros aspectos de sua vida."
pt,hashtag freebritney,PER,"Em 2019, seus fãs, através da hashtag freebritney começaram a fazer apontamentos de que Britney sofria violência_patrimonial, violência_física e violência_psicológica."
pt,Britney,PER,"Em 2019, seus fãs, através da hashtag freebritney começaram a fazer apontamentos de que Britney sofria violência_patrimonial, violência_física e violência_psicológica."
pt,Corte,LOC,"Na última semana, Spears rompeu o silêncio e confessou perante a Corte de Los Angeles, na Califórnia que sua tutela é abusiva, que tem seu corpo, sua vida, sua carreira, TUDO sob controle de seu pai e da rede de tutores que ele formou, empresários, médicos, advogados."
pt,Los Angeles,LOC,"Na última semana, Spears rompeu o silêncio e confessou perante a Corte de Los Angeles, na Califórnia que sua tutela é abusiva, que tem seu corpo, sua vida, sua carreira, TUDO sob controle de seu pai e da rede de tutores que ele formou, empresários, médicos, advogados."
pt,Califórnia,LOC,"Na última semana, Spears rompeu o silêncio e confessou perante a Corte de Los Angeles, na Califórnia que sua tutela é abusiva, que tem seu corpo, sua vida, sua carreira, TUDO sob controle de seu pai e da rede de tutores que ele formou, empresários, médicos, advogados."
pt,Britney,PER,"Que até mesmo suas funções sexuais e reprodutivas foram colocadas em xeque, Britney foi obrigada a colocar DIU para que não pudesse engravidar."
pt,Britney Spears,PER,"Toda essa situação vivida por Britney Spears demonstra o quanto nossos corpos são violados pela dominação_patriarcal e pelo machismo, não importa qual posição você ocupe."
pt,Ouvi,PER,"Ouvi, aprendi e pude construir um texto que hoje faz dezesseis anos salvando vidas."
pt,FEMINISTAS,ORG,FEMINISTAS.
pt,ERRADICAR,ORG,Assim foi construída a Lei que previne e pune para ERRADICAR.
pt,Faustão,PER,"Eu não assisto Faustão, e fiquei com essa dúvida se ele faz isso com todo mundo."
pt,Acho,PER,"Acho que tem um agravante na conversa homem e mulher, que é o homem é ensinado a dominar a conversa, e a mulher é ensinada a agradar e ser simpática e acolhedora, por isso a dificuldade de falar por cima da interrupção, e por mais que ele interrompa tanto homens quanto mulheres, quando é com mulheres é pior por conta dessa combinação."
pt,t.s.carm,LOC, O quadrinho da página oito é da t.s.carm.
pt,lorenakaz.art,ORG,"Feito pela lorenakaz.art, esse vídeo demonstra como os insultos vêm de forma sutil, quase que imperceptíveis, disfarçados de elogios ou de proteção."
pt,Quantas,PER,"Quantas vezes os elogios, a boa conversa e a gentileza dos homens só acontece até o momento em que a mulher diz não?"
pt,Faça,PER,Faça sexo apenas com quem você deseja fazer.
pt,Sylvia Plath,PER,"Sylvia Plath foi uma poeta, romancista e contista norte_americana."
pt,Ingrid Bergman,PER,"O termo gaslighting tem origem no filme Gas_Light (À Meia Luz), de 1944, estrelado por Ingrid Bergman e Charles Boyer."
pt,Charles Boyer,PER,"O termo gaslighting tem origem no filme Gas_Light (À Meia Luz), de 1944, estrelado por Ingrid Bergman e Charles Boyer."
pt,Mulheres,LOC,"Mulheres são 91,5_por_cento das vítimas de violência de parceiro íntimo segundo o boletim Violência_por_parceiro_íntimo contra homens e mulheres no Brasil: dados da vigilância de violências e acidentes, do ministério_da_saúde em 2020."
pt,Brasil,LOC,"Mulheres são 91,5_por_cento das vítimas de violência de parceiro íntimo segundo o boletim Violência_por_parceiro_íntimo contra homens e mulheres no Brasil: dados da vigilância de violências e acidentes, do ministério_da_saúde em 2020."
pt,Maternidade,LOC,Maternidade é política.
pt,Brasil,LOC,"Segundo dados do Instituto_Brasileiro_de_Geografia_e_Estatística, 11,5_milhões de mães criam seus filhos sozinhas no Brasil."
pt,Maternidade,LOC,"Maternidade é pauta fundamental a todos os feminismos porque desde a concepção própria, passando por todos os outros acontecimentos que a precedem e sucedem, os debates sobre o assunto revelam como gênero afeta e é afetado por questões_culturais, médicas, mercado de trabalho, direitos e tantos outros eixos ao redor dos quais a sociedade é estruturada."
pt,Debater,PER,Debater maternidade não é apenas relevante; é determinante para as vidas das mulheres.
pt,Dani,LOC,"É como a Dani disse lá na feminiismo, é possível lutar contra a maternidade_compulsória (a ideia de que todas devemos ser mães) sem reproduzir discursos_violentos contra mães e suas dores."
pt,FEfuncaoCuidadora,ORG,"FEfuncaoCuidadora (ao repostar, apague minha hashtag) Muito obrigada aos meus apoiadores, que possibilitam a minha dedicação a esse trabalho."
pt,Helena.milanez,PER,"Você pode ser um apoiador pelo link na minha bio, ou pelo picpay (Helena.milanez) ou pelo pix FaunaMiniaturas@gmail.com."
pt,pix FaunaMiniaturas@gmail.com,ORG,"Você pode ser um apoiador pelo link na minha bio, ou pelo picpay (Helena.milanez) ou pelo pix FaunaMiniaturas@gmail.com."
pt,Helena.milanez,PER,"Você pode ser um apoiador pelo link na minha bio, ou pelo picpay (Helena.milanez) ou pelo pix FaunaMiniaturas@gmail.com"
pt,pix FaunaMiniaturas@gmail.com,PER,"Você pode ser um apoiador pelo link na minha bio, ou pelo picpay (Helena.milanez) ou pelo pix FaunaMiniaturas@gmail.com"
pt,Mulheres,PER,"Mulheres morrem tentando se adequar a um padrão_de_beleza quase que inalcançável, e a gente precisa falar sobre isso."
pt,Sandra Lee Bartky,PER,"Sandra Lee Bartky (1935 a 2016) foi professora, filósofa, doutora em humanidades, e ativista_feminista."
pt,Foucault,PER,"Em 1988 escreveu seu artigo mais citado,  Foucault, Feminilidade e Poder_Patriarcal, onde detalhou normas socialmente aceitas para o corpo e o comportamento_das_mulheres."
pt,Feminilidade,LOC,"Em 1988 escreveu seu artigo mais citado,  Foucault, Feminilidade e Poder_Patriarcal, onde detalhou normas socialmente aceitas para o corpo e o comportamento_das_mulheres."
pt,Poder_Patriarcal,LOC,"Em 1988 escreveu seu artigo mais citado,  Foucault, Feminilidade e Poder_Patriarcal, onde detalhou normas socialmente aceitas para o corpo e o comportamento_das_mulheres."
pt,comportamento_das_mulheres,ORG,"Em 1988 escreveu seu artigo mais citado,  Foucault, Feminilidade e Poder_Patriarcal, onde detalhou normas socialmente aceitas para o corpo e o comportamento_das_mulheres."
pt,Bartky,PER,"Para Bartky, a feminilidade é uma obrigação a todas as mulheres."
pt,Traduzi,LOC,Traduzi esse pensamento que louisathelast fez no X/twitter que achei bem interessante.
pt,VÍTIMAS,ORG,"A mesma coisa que é usada pra desresponsabilizar homens de seus erros (a embriaguez), é usada pra culpar mulheres de violências a qual foram VÍTIMAS."
pt,Kens,PER,"Mostra como é impossível cumprir tudo que exigem das mulheres, ao quererem que sejamos lindas, boas mães, bem sucedidas na carreira, sexys sem ser vulgar, e etc. As Barbies manipulam os Kens a odiarem e rivalizarem uns com os outros pra tomar o poder, assim como o patriarcado coloca mulheres pra rivalizarem entre si, e odiarem umas às outras."
pt,Claro,ORG,"Claro que o filme não vai questionar o capitalismo, o colonialismo, o imperialismo."
pt,Vocês,LOC,"Vocês observaram quantos homens, especialmente os apaixonados por futebol, ficaram indignados com jogadores sendo presos ou condenados por agressões_sexuais?"
pt,Vocês,LOC,Vocês perceberam se as instituições ou times de futebol propuseram algum tipo de reflexão sobre o assunto?
pt,misoginia,LOC,"Todos se dizem contra os abusos e estupros, mas não há nenhum tipo de ação ou movimentação afim de combater a misoginia reproduzida dentro e fora dos espaços_masculinos."
pt,Mulheres,LOC,"Mulheres estão tendo suas imagens_íntimas expostas em grupos de WhatsApp ou Telegram, onde acontecem trocas desse material entre PARCEIROS e EX_PARCEIROS dessas vítimas."
pt,Telegram,LOC,"Mulheres estão tendo suas imagens_íntimas expostas em grupos de WhatsApp ou Telegram, onde acontecem trocas desse material entre PARCEIROS e EX_PARCEIROS dessas vítimas."
pt,PARCEIROS,ORG,"Mulheres estão tendo suas imagens_íntimas expostas em grupos de WhatsApp ou Telegram, onde acontecem trocas desse material entre PARCEIROS e EX_PARCEIROS dessas vítimas."
pt,Marquinhos,PER,O vereador bolsonarista Marquinhos (Partido_Social_Cristão) simplesmente achou ok agarrar a vereadora Carla Ayres (Partido_Dos_Trabalhadores) em plena sessão na Câmara de Florianópolis (Santa_Catarina).
pt,Carla Ayres,PER,O vereador bolsonarista Marquinhos (Partido_Social_Cristão) simplesmente achou ok agarrar a vereadora Carla Ayres (Partido_Dos_Trabalhadores) em plena sessão na Câmara de Florianópolis (Santa_Catarina).
pt,Câmara de Florianópolis,LOC,O vereador bolsonarista Marquinhos (Partido_Social_Cristão) simplesmente achou ok agarrar a vereadora Carla Ayres (Partido_Dos_Trabalhadores) em plena sessão na Câmara de Florianópolis (Santa_Catarina).
pt,Santa_Catarina,LOC,O vereador bolsonarista Marquinhos (Partido_Social_Cristão) simplesmente achou ok agarrar a vereadora Carla Ayres (Partido_Dos_Trabalhadores) em plena sessão na Câmara de Florianópolis (Santa_Catarina).
pt,Carla,LOC,"Para além da violência_sexual e da clara violência_política, Carla é a primeira vereadora lésbica da cidade, um nome importante na luta pelos direitos das mulheres e LGBT."
pt,LGBT,ORG,"Para além da violência_sexual e da clara violência_política, Carla é a primeira vereadora lésbica da cidade, um nome importante na luta pelos direitos das mulheres e LGBT."
pt,Florianópolis,LOC,"Toda solidariedade à vereadora, e que a casa do povo de Florianópolis faça o mínimo, que é punir e afastar este homem de suas funções."
pt,Cobraremos,ORG,"Cobraremos também da justiça, mesmo que de costume, assediadores saiam impunes se sentindo autorizados a continuarem vendo mulheres como coisas."
pt,Brasil,LOC,"1 a cada 4 pessoas que tem um parto sofre violência_obstétrica no Brasil (fonte: estudo Mulheres brasileiras e gênero nos espaços público e privado, realizado pela Fundação Perseu Abramo em parceria com o SESC)."
pt,Fundação Perseu Abramo,LOC,"1 a cada 4 pessoas que tem um parto sofre violência_obstétrica no Brasil (fonte: estudo Mulheres brasileiras e gênero nos espaços público e privado, realizado pela Fundação Perseu Abramo em parceria com o SESC)."
pt,SESC,ORG,"1 a cada 4 pessoas que tem um parto sofre violência_obstétrica no Brasil (fonte: estudo Mulheres brasileiras e gênero nos espaços público e privado, realizado pela Fundação Perseu Abramo em parceria com o SESC)."
pt,Agência_Nacional_de_Saúde,LOC,"Denuncie: Secretaria_de_Saúde, Agência_Nacional_de_Saúde, ou Ligue 180."
pt,Ligue,PER,"Denuncie: Secretaria_de_Saúde, Agência_Nacional_de_Saúde, ou Ligue 180."
pt,Woody Allen,PER,"Se você gosta de Woody Allen, é indispensável que você assista esse documentário: Farrow v. Allen, que está no momento na HBO max."
pt,Farrow v. Allen,PER,"Se você gosta de Woody Allen, é indispensável que você assista esse documentário: Farrow v. Allen, que está no momento na HBO max."
pt,HBO,ORG,"Se você gosta de Woody Allen, é indispensável que você assista esse documentário: Farrow v. Allen, que está no momento na HBO max."
pt,Allen,PER,"Isso não é um anúncio, é que o documentário é excelente mesmo, e tirar qualquer dúvida que alguém possa ter de que Allen abusou da filha."
pt,Mia Farrow,PER,"Não o boicotar é ser conivente com o que ele fez: não só com o abuso, mas com a difamação de Mia Farrow, pra tentar acobertar o próprio crime."
pt,Mia,PER,Mia ficou anos sem conseguir trabalho nos EUA.
pt,EUA,LOC,Mia ficou anos sem conseguir trabalho nos EUA.
pt,EUA,LOC,"Ele nunca assumiu seus erros, continua negando até hoje, mas pelo menos, depois de 30 anos do abuso, está sofrendo algumas consequências, com dificuldade de trabalhar nos EUA."
pt,Mulheres,LOC,"Mulheres de diferentes países reunidas pelo Centro_de_Liderança_Global_de_Mulheres, em 1991, iniciaram a campanha 16 dias de ativismo pelo fim da violência_contra_as_mulheres, com o objetivo de promover debates, denunciar, prevenir e eliminar a violência_contra_as_mulheres e meninas em todo o mundo, segundo a Ong Mulheres Brasil."
pt,Ong Mulheres Brasil,LOC,"Mulheres de diferentes países reunidas pelo Centro_de_Liderança_Global_de_Mulheres, em 1991, iniciaram a campanha 16 dias de ativismo pelo fim da violência_contra_as_mulheres, com o objetivo de promover debates, denunciar, prevenir e eliminar a violência_contra_as_mulheres e meninas em todo o mundo, segundo a Ong Mulheres Brasil."
pt,Brasil,LOC,"No Brasil, a campanha acontece desde 2003 e tem duração de 21 dias, com início no dia 20 de novembro, quando se celebra o Dia Nacional da Consciência Negra, e término no dia 10 de dezembro, Dia Internacional dos Direitos Humanos."
pt,Brasil,LOC,"Neste sentido, a campanha no Brasil cumpre um papel imprescindível, ao enfatizar a discriminação sofrida pelas mulheres_negras."
pt,Carlota Pereira de Queirós de São Paulo,PER,Carlota Pereira de Queirós de São Paulo foi a primeira mulher a ser eleita deputada federal da América Latina!
pt,América,LOC,Carlota Pereira de Queirós de São Paulo foi a primeira mulher a ser eleita deputada federal da América Latina!
pt,Celina Guimarães,PER,"Regionalmente, tivemos a potiguar Celina Guimarães foi a primeira mulher registrada como eleitora, e a primeira a votar em 1927 em Mossoró, Rio_Grande_Do_Norte."
pt,Mossoró,LOC,"Regionalmente, tivemos a potiguar Celina Guimarães foi a primeira mulher registrada como eleitora, e a primeira a votar em 1927 em Mossoró, Rio_Grande_Do_Norte."
pt,Alzira Soriano,LOC,Alzira Soriano foi a primeira prefeita eleita em setembro de 1928.
pt,Lorena Cabnal,LOC,"Lorena Cabnal é guatemalteca e integrante da Red de Sanadoras Ancestrales del Feminismo Comunitario Territorial, desde Iximulew, Guatemala."
pt,Red de Sanadoras Ancestrales del Feminismo Comunitario Territorial,ORG,"Lorena Cabnal é guatemalteca e integrante da Red de Sanadoras Ancestrales del Feminismo Comunitario Territorial, desde Iximulew, Guatemala."
pt,Iximulew,LOC,"Lorena Cabnal é guatemalteca e integrante da Red de Sanadoras Ancestrales del Feminismo Comunitario Territorial, desde Iximulew, Guatemala."
pt,Guatemala,LOC,"Lorena Cabnal é guatemalteca e integrante da Red de Sanadoras Ancestrales del Feminismo Comunitario Territorial, desde Iximulew, Guatemala."
pt,Cabnal,LOC,"Cabnal tem um forte defesa do território: Se queremos feminismos que defendam os corpos_emancipados, mas esses feminismos não falam de territórios emancipados, então a luta do feminismo não se sustenta."
pt,Mulheres,LOC,"Mulheres que de alguma forma combateram a misoginia, ou defenderam direitos pra mulheres."
pt,misoginia,LOC,"Mulheres que de alguma forma combateram a misoginia, ou defenderam direitos pra mulheres."
pt,Aviso,LOC,"Aviso: algumas mulheres apesar de pioneiras nos aspectos mencionados, também foram influenciadas por sua época e defenderam coisas que hoje consideramos erradas."
pt,você,LOC,"Se você conhece outras, pode me falar."
pt,Lei_do_Feminicídio,ORG,"Citam a Lei_Maria_da_Penha, a Lei_do_Feminicídio, a delegacia_da_mulher como privilégios de mulheres, ignorando o fato de que foram medidas importantes do combate_à_violência que mulheres sofrem dentro de casa, em geral de parceiros."
pt,misoginia,LOC,"Uma ideia legislativa pra criminalização da misoginia está em votação no site e_cidadania, o link está nos stories."
pt,Creches,LOC,Creches e escolas de qualidade com atividades no período da tarde.
pt,Autocuidado,PER,Autocuidado não é um conceito superficial e fúti Autocuidado é um processo.
pt,fúti Autocuidado,LOC,Autocuidado não é um conceito superficial e fúti Autocuidado é um processo.
pt,Audre Lorde,PER,"Evocando novamente Audre Lorde: Nós temos que descobrir como sobreviver em um sistema que decide que a vida, para algumas, exige a morte e a exclusão de outras."
pt,Lorde,PER,"Quando Lorde fala em algumas de nós, é sobre a importância de fazermos recortes, sobre uma discussão intereseccionais."
pt,Canal Preto,LOC,"Nesse vídeo importantíssimo do Canal Preto, 2019  Angela Davis e Vilma Reis, alertam sobre a necessidade das políticas públicas do País e do mundo darem atenção às pautas das mulheres negras."
pt,Angela Davis,LOC,"Nesse vídeo importantíssimo do Canal Preto, 2019  Angela Davis e Vilma Reis, alertam sobre a necessidade das políticas públicas do País e do mundo darem atenção às pautas das mulheres negras."
pt,Vilma Reis,PER,"Nesse vídeo importantíssimo do Canal Preto, 2019  Angela Davis e Vilma Reis, alertam sobre a necessidade das políticas públicas do País e do mundo darem atenção às pautas das mulheres negras."
pt,País,LOC,"Nesse vídeo importantíssimo do Canal Preto, 2019  Angela Davis e Vilma Reis, alertam sobre a necessidade das políticas públicas do País e do mundo darem atenção às pautas das mulheres negras."
pt,Quantas,PER,"Quantas vezes um estranho sentou desconfortavelmente perto de mim no ônibus e me encarou de cima a baixo, e eu ainda tive medo de só levantar e sair, a fim de não o ofender?Nós sorrimos quando somos assediadas na rua ou recebemos cantadas de idiotas."
pt,Feminilidade,PER,Feminilidade há muito vem sido associada à ser passiva e dócil.
pt,@janarambow,PER,Por @janarambow.
pt,relativizar,LOC,"Cultura de estupro é justificar, legitimar, relativizar, banalizar, glamurizar, ou mesmo que sem intenção, levar a violência sexual."
pt,Audre Geraldine Lorde Audre Lorde,PER,"arquivosinspira  Audre Geraldine Lorde Audre Lorde, foi uma grande pensadora e escritora, feminista negra e lésbica, filha de imigrantes caribenhos e uma grandes defensoras dos direitos humanos."
pt,Não,PER,"Não é novidade pra ninguém que cólicas menstruais podem ser infernais e, apesar de algumas mulheres não terem TPM intensa, grande parte lida com uma série de sintomas que exigem repouso e cuidados (mas quem consegue se dar esse luxo?)."
pt,John Guillebaud,PER,"Recentemente, a ciência trouxe um parecer sobre as dores menstruais: o professor de saúde reprodutiva John Guillebaud, da UCL (University_College_London), relatou que as cólicas intensas podem ser tão dolorosas quando um ataque cardíaco."
pt,Sasheer Zamata,PER,A comediante Sasheer Zamata (@thesheertruth) usou o humor para praticamente desenhar como é nociva essa ideia de que as mulheres têm que lidar sozinhas com suas questões.
pt,não,PER,"Sempre ouvimos o quanto as mulheres são fortes e capazes de enfrentar qualquer desafio, não importa a dificuldade, o que é verdade."
pt,Também,ORG,"Também podemos ser fortes e, ainda assim, nos abrir sobre como nos sentimos, escreveu a ginecologista Luísa Guedes (@draluisaguedes), que traduziu o vídeo de Sasheer."
pt,Luísa Guedes,PER,"Também podemos ser fortes e, ainda assim, nos abrir sobre como nos sentimos, escreveu a ginecologista Luísa Guedes (@draluisaguedes), que traduziu o vídeo de Sasheer."
pt,Sasheer,PER,"Também podemos ser fortes e, ainda assim, nos abrir sobre como nos sentimos, escreveu a ginecologista Luísa Guedes (@draluisaguedes), que traduziu o vídeo de Sasheer."
pt,você,LOC,Dá o play para conferir e conta pra gente: você já se sentiu constrangida por abrir o jogo quando está sofrendo na TPM?
pt,padrão_de_beleza,ORG,Essas blogueiras espalham o padrão_de_beleza.
pt,padrão_de_beleza,ORG,"O padrão_de_beleza coloca a juventude como ideal de beleza, juventude essa que tem relação com ingenuidade e falta de experiência, ou seja, mais fácil de ser manipulada."
pt,Obvio,PER,"Obvio que existem as exceções, mas não da pra gente ignorar que as mulheres foram silenciadas por muito tempo nas relações."
pt,Feminicídio,ORG,"para relacionamentos abusivos, deixando as expostas a violências de toda espécie que tem seu ápice no Feminicídio."
pt,Mulheres,LOC,"Mulheres jogam com a falsa sensação de poder que os efeitos do ciúme exerce sobre seus companheiros, sem se dar conta de que em sociedade estruturada pelo machismo, estamos sempre em desvantagem, logo, não temos poder."
pt,misoginia,LOC,"Qualquer interferência nesse plano, que faça com que um homem pense que pode perder o que é seu para outro homem, ou que a mulher frágil pode simplesmente ir, somado ao machismo estrutural e a misoginia, pode descambar no que vimos acontecer diariamente: violência e morte."
pt,Confesso,PER,Confesso que quando estive solteira me sentia com menor status social.
pt,canal da @zanellovaleska,LOC,"Para saber mais sobre esse assunto recomendo o vídeo Dispositivo Amoroso do canal da @zanellovaleska no YouTube e o livro dela Saúde Mental, Gênero e Dispositivos."
pt,Saúde Mental,ORG,"Para saber mais sobre esse assunto recomendo o vídeo Dispositivo Amoroso do canal da @zanellovaleska no YouTube e o livro dela Saúde Mental, Gênero e Dispositivos."
pt,Gênero,ORG,"Para saber mais sobre esse assunto recomendo o vídeo Dispositivo Amoroso do canal da @zanellovaleska no YouTube e o livro dela Saúde Mental, Gênero e Dispositivos."
pt,Dispositivos,LOC,"Para saber mais sobre esse assunto recomendo o vídeo Dispositivo Amoroso do canal da @zanellovaleska no YouTube e o livro dela Saúde Mental, Gênero e Dispositivos."
pt,Roda Viva,LOC,"Em entrevista ao programa Roda Viva, nesta segunda, Ana Maria Braga contou como quebrou o braço ao tentar fugir de um diretor de TV que a assediou."
pt,Ana Maria Braga,PER,"Em entrevista ao programa Roda Viva, nesta segunda, Ana Maria Braga contou como quebrou o braço ao tentar fugir de um diretor de TV que a assediou."
pt,Rafael Soriano,PER,"O técnico Rafael Soriano, da Desportiva, foi flagrado agredindo a assistente de arbitragem Marcielly Netto em campo durante o intervalo da partida contra o Nova Venécia."
pt,Desportiva,ORG,"O técnico Rafael Soriano, da Desportiva, foi flagrado agredindo a assistente de arbitragem Marcielly Netto em campo durante o intervalo da partida contra o Nova Venécia."
pt,Marcielly Netto,PER,"O técnico Rafael Soriano, da Desportiva, foi flagrado agredindo a assistente de arbitragem Marcielly Netto em campo durante o intervalo da partida contra o Nova Venécia."
pt,Nova Venécia,LOC,"O técnico Rafael Soriano, da Desportiva, foi flagrado agredindo a assistente de arbitragem Marcielly Netto em campo durante o intervalo da partida contra o Nova Venécia."
pt,TV Globo,ORG,"O mistério que rondava os corredores do departamento de humor da TV Globo desde agosto sobre a demissão sem explicações de Marcius Melhem, até então poderoso diretor do núcleo com 20 anos na emissora, chegou ao fim: a denúncia de Dani Calabresa contra o ex_diretor de assedio sexual não apenas teve prosseguimento como ganhou coro de outras profissionais da casa, revela a colunista MONICA BERGAMO da FOLHA."
pt,Marcius Melhem,LOC,"O mistério que rondava os corredores do departamento de humor da TV Globo desde agosto sobre a demissão sem explicações de Marcius Melhem, até então poderoso diretor do núcleo com 20 anos na emissora, chegou ao fim: a denúncia de Dani Calabresa contra o ex_diretor de assedio sexual não apenas teve prosseguimento como ganhou coro de outras profissionais da casa, revela a colunista MONICA BERGAMO da FOLHA."
pt,MONICA BERGAMO,PER,"O mistério que rondava os corredores do departamento de humor da TV Globo desde agosto sobre a demissão sem explicações de Marcius Melhem, até então poderoso diretor do núcleo com 20 anos na emissora, chegou ao fim: a denúncia de Dani Calabresa contra o ex_diretor de assedio sexual não apenas teve prosseguimento como ganhou coro de outras profissionais da casa, revela a colunista MONICA BERGAMO da FOLHA."
pt,FOLHA,ORG,"O mistério que rondava os corredores do departamento de humor da TV Globo desde agosto sobre a demissão sem explicações de Marcius Melhem, até então poderoso diretor do núcleo com 20 anos na emissora, chegou ao fim: a denúncia de Dani Calabresa contra o ex_diretor de assedio sexual não apenas teve prosseguimento como ganhou coro de outras profissionais da casa, revela a colunista MONICA BERGAMO da FOLHA."
pt,Melhem,LOC,"Na nota em que comunicava o desligamento de Melhem, no entanto, a emissora nada disse sobre nenhuma dessas denúncias de assédio."
pt,Globo,ORG,"Após o posicionamento público da Globo, algumas das mulheres se organizaram para reclamar sobre o desfecho com a direção da emissora."
pt,Mayra Cotta,PER,"A colunista conversou com diversas vítimas, que temiam ter seus nomes expostos, mas designaram a advogada criminalista Mayra Cotta, que as assessora no caso, a dar um depoimento sobre o assunto."
pt,Mayra,PER,Mayra falou sobre o receio das vítimas e o porquê de adotarem a estratégia de formar um grupo.
pt,Melhem,LOC,A advogada descreveu Melhem como um chefe que se vale de sua posição para tentar usar o poder que tinha de contratar ou demitir para as constranger a se envolver com ele.
pt,Labour Organization,ORG,"Estudo women at work, international Labour Organization."
pt,Acho,PER,Acho sim extremamente triste pessoas se submeterem a prostituição por vulnerabilidade social.
pt,prostituição,ORG,Acho sim extremamente triste pessoas se submeterem a prostituição por vulnerabilidade social.
pt,problemático,PER,"O meu ponto é que apesar de problemático, não é a mesma coisa que estupro."
pt,Holanda,LOC,Pamela Holanda tem 27 anos.
pt,Pamela,LOC,"Há outras pessoas na cena: uma mulher que tenta afagar o rosto de Pamela; outro homem que entra e sai da casa como que para mediar, mas desiste."
pt,Pamela,LOC,Pamela continua sendo espancada.
pt,Temia,PER,Temia o que muitas outras temem: ficar desprotegida e o agressor voltar com ainda mais fúria.
pt,Estado,LOC,Precisamos agir: precisamos de um Estado que proteja as mulheres.
pt,Pamela,PER,Precisamos de um ministério das mulheres que pare de perseguir mulheres e olhe para as mulheres concretas como Pamela e cuide delas.
pt,afeto,PER,"Isso que a gente tá falando aqui de dinheiro, e não de afeto, porque ainda há aqueles que pensam que os 300 reais cobrem tudo, incluindo a presença paternal."
pt,Helena,PER,"Sou eu ali atrás, Helena, criadora deste projeto, oferecendo pra vocês o melhor conteúdo que posso criar com carinho e dedicação."
pt,Criei,LOC,"Criei uma campanha de apoio mensal, onde você pode contribuir a partir de 1 real apenas, e já será de grande ajuda, pois se 10 (porcento) das pessoas que me seguem me ajudarem com 1 real por mês eu já consigo me manter."
pt,Deixei,PER, Deixei o link da campanha na Bio.
pt,Bio,LOC, Deixei o link da campanha na Bio.
pt,Congresso,LOC,"Por isso, não basta elegermos mulheres, é preciso que coloquemos no Congresso, mulheres que se alinhem as pautas das mulheres e minorias."
pt,Brasil,LOC,"No Brasil, a maioria das mulheres, sobretudo as mulheres negras, enfrentam uma realidade de enorme vulnerabilidade econômica, além de toda a vulnerabilidade de segurança que enfrentam."
pt,Mulheres,PER,"Mulheres negras recebem menos que homens brancos, recebem menos que mulheres brancas,  estão na base da pirâmide."
pt,Sofro,LOC,"Sofro pesado com síndrome da impostora, e você?"
pt,Pauline Clance,PER,"O termo surgiu em 1978, pelas psicólogas Pauline Clance e Suzanne Imes, em um estudo com mulheres bem_sucedidas profissionalmente, onde entre 150 profissionais de destaque em diversas áreas, muitas afirmaram não reconhecerem internamente seu próprio sucesso."
pt,Suzanne Imes,PER,"O termo surgiu em 1978, pelas psicólogas Pauline Clance e Suzanne Imes, em um estudo com mulheres bem_sucedidas profissionalmente, onde entre 150 profissionais de destaque em diversas áreas, muitas afirmaram não reconhecerem internamente seu próprio sucesso."
pt,padrão_de_beleza,ORG,A ideia não é julgar quem se adequa cotidianamente ao padrão_de_beleza.
pt,Marielle Franco,PER,"Marielle Franco foi executada brutalmente em 14 de março de 2018, mas sua família, as sementes e o legado da vereadora seguem em pé."
pt,Marielle,PER,"Marielle lutava incansavelmente por justiça social, igualdade de gênero e valorização da vida das mulheres negras."
pt,CULPA,ORG,"Uma das coisas que a gente encontra muito por aqui, em tom de desabafo, é CULPA."
pt,Acredito,LOC,Acredito que seja devido às pessoas conscientizarem umas às outras.
pt,cis,ORG,"Temos pautas em comum, cis ou trans, sofremos machismo."
pt,Mulheres,PER,"Mulheres negras, brancas e indígenas também não são iguais, e sofrem o machismo de formas diferentes às vezes, e nem por isso deixamos de nos unir."
pt,cis,LOC,"Se já existe a palavra fêmea pra designar a parte biológica, porque não usar mulher pra incluir mulheres trans e cis?"
pt,Núbia Lima,PER,"A psicóloga e escritora Núbia Lima trouxe em seu perfil uma provocação importante: por que o auge da beleza de uma mulher, em tese, é quando ela se parece com uma criança."
pt,Núbia,LOC,"Seu auge é agora, escreve Núbia em seu perfil."
pt,Fritz Lang,PER,"Na visão do diretor Fritz Lang, ele tinha seios de metal e se chamava Maria."
pt,Maria,PER,"Na visão do diretor Fritz Lang, ele tinha seios de metal e se chamava Maria."
pt,Alexa da Amazon,PER,"Quase 100 anos depois, Alexa da Amazon, Cortana da Microsoft, Siri da Apple e muitas outras não precisam de uma representação física para serem estabelecidas como robôs de assistência a seres humanos, tampouco suas funções as definem como tal, mas sim o fato de que atendem com vozes e nomes femininos, fazendo com que seus usuários se sintam mais confortáveis ao dar ordens."
pt,Cortana,LOC,"Quase 100 anos depois, Alexa da Amazon, Cortana da Microsoft, Siri da Apple e muitas outras não precisam de uma representação física para serem estabelecidas como robôs de assistência a seres humanos, tampouco suas funções as definem como tal, mas sim o fato de que atendem com vozes e nomes femininos, fazendo com que seus usuários se sintam mais confortáveis ao dar ordens."
pt,Microsoft,ORG,"Quase 100 anos depois, Alexa da Amazon, Cortana da Microsoft, Siri da Apple e muitas outras não precisam de uma representação física para serem estabelecidas como robôs de assistência a seres humanos, tampouco suas funções as definem como tal, mas sim o fato de que atendem com vozes e nomes femininos, fazendo com que seus usuários se sintam mais confortáveis ao dar ordens."
pt,Apple,ORG,"Quase 100 anos depois, Alexa da Amazon, Cortana da Microsoft, Siri da Apple e muitas outras não precisam de uma representação física para serem estabelecidas como robôs de assistência a seres humanos, tampouco suas funções as definem como tal, mas sim o fato de que atendem com vozes e nomes femininos, fazendo com que seus usuários se sintam mais confortáveis ao dar ordens."
pt,Maria Ribeiro,PER,"Em seu perfil, a fotógrafa Maria Ribeiro, refletiu sobre os impactos desse peso introjetado pelo patriarcado em todas as esferas de deleite que nos dizem respeito."
pt,Cozinho,LOC,Cozinho profissionalmente desde os 18 anos.
pt,misoginia,LOC,"Não dá para contar as inúmeras vezes em que enfrentei misoginia e machismo nesses ambientes de trabalho, escreveu a chef Helena Rizzo após ter sido vítima de machismo no ambiente de trabalho."
pt,Helena Rizzo,PER,"Não dá para contar as inúmeras vezes em que enfrentei misoginia e machismo nesses ambientes de trabalho, escreveu a chef Helena Rizzo após ter sido vítima de machismo no ambiente de trabalho."
pt,Alex Atala,PER,"Em sua apresentação como jurada do programa MasterChef exibido nesta semana, o também chef Alex Atala preferiu destacar a beleza da cozinheira ao invés de mencionar suas habilidades profissionais, enquanto outros jurados, homens, foram apresentados a partir do currículo."
pt,Helena,PER,"Helena, por exemplo, é a única brasileira com uma estrela Michelin em seu restaurante."
pt,Michelin,LOC,"Helena, por exemplo, é a única brasileira com uma estrela Michelin em seu restaurante."
pt,Tenho,PER,"Tenho consciência de que eu sou pequena, atarracada, mal_humorada."
pt,Acho,PER,Acho que isso teria sido desnecessário se não tivesse que enfrentar um monte de babacas.
pt,Marlene Mattos,PER,"Mas nunca puxei o tapete de ninguém, disse Marlene Mattos, em entrevista à Tpm em 2004."
pt,Tpm,LOC,"Mas nunca puxei o tapete de ninguém, disse Marlene Mattos, em entrevista à Tpm em 2004."
pt,Xuxa,PER,"O documentário de Xuxa trouxe a empresária de volta à pauta do dia, por conta de relatos de comportamentos abusivos contra a apresentadora."
pt,Marlene,PER,"Há quase 20 anos, Marlene falou sobre sua história de vida, a relação com Xuxa, o abandono familiar, a fama de abusiva, amor e machismo."
pt,Xuxa,PER,"Há quase 20 anos, Marlene falou sobre sua história de vida, a relação com Xuxa, o abandono familiar, a fama de abusiva, amor e machismo."
pt,Belo Horizonte,LOC,"Uma mulher foi estuprada após ter sido deixada em uma calçada, desacordada, por um motorista de aplicativo na madrugada deste domingo, em Belo Horizonte."
pt,Mulheres,LOC,"Mulheres são ensinadas a cuidar desde cedo, seja da casa, de outras mulheres, dos filhos, dos mais velhos e dos homens."
pt,Estado,LOC,"Em um país com índices assustadores de abandono afetivo e financeiro masculino, violências como essa desapontam e machucam a todas, mas não causam surpresa: mulheres têm mais chances de serem abandonadas pelos seus companheiros em casos de doenças ou detenção, além de, tantas vezes, serem as responsáveis por assumir as responsabilidades e consequências causadas também pelo abandono paterno, sem mencionar o abandono do Estado."
pt,Palmira Margarida,PER,A cientista e produtora de conteúdo Palmira Margarida reflete sobre a importância de não se deixar ser oprimida pela cobrança constante de produtividade e alta performance.
pt,Anne Hathaway,PER,"A atriz Anne Hathaway compartilhou, recentemente, como viveu uma experiência incrível ao retornar para o set após a gestação do seu filho, enquanto lidava com inseguranças por estar em um corpo puérpero."
pt,Sandra Bullock,PER,"Eu estava consciente disso e fui gravar usando meu jeans, dando o meu melhor, até que Sandra Bullock apenas olhou pra mim e disse: Você está bonita, mamãe."
pt,Oito Mulheres,PER,"Na ocasião, em 2017, ela estava gravando o longa Oito Mulheres e um Segredo com as estrelas Sandra Bullock, Cate Blanchett e Rihanna."
pt,Segredo,LOC,"Na ocasião, em 2017, ela estava gravando o longa Oito Mulheres e um Segredo com as estrelas Sandra Bullock, Cate Blanchett e Rihanna."
pt,Sandra Bullock,PER,"Na ocasião, em 2017, ela estava gravando o longa Oito Mulheres e um Segredo com as estrelas Sandra Bullock, Cate Blanchett e Rihanna."
pt,Cate Blanchett,ORG,"Na ocasião, em 2017, ela estava gravando o longa Oito Mulheres e um Segredo com as estrelas Sandra Bullock, Cate Blanchett e Rihanna."
pt,Rihanna,PER,"Na ocasião, em 2017, ela estava gravando o longa Oito Mulheres e um Segredo com as estrelas Sandra Bullock, Cate Blanchett e Rihanna."
pt,Mayim Bialik,PER,"A multi talentosa atriz, autora e neurocientista Mayim Bialik, uma das estrelas da série The Big Bang Theory, compartilhou no seu perfil cinco atitudes, nem sempre vistas como simpáticas, para dar conta de um dia de cada vez."
pt,Inteira,LOC,Inteira.
pt,Tentei,LOC,"Tentei ser tão boa pros interesses dele que, no fim, achei os meus um tanto quanto fracos."
pt,Caroline Larroque,PER,"Porque você não consegue fazer uma pessoa se apaixonar por você dando mais daquilo que ela já não quer, refletiu a escritora e roteirista Caroline Larroque."
pt,Caroline,PER,"Caroline é autora do livro de poemas O que me restou, Editora Penalux, 2020, escreve sobre relacionamentos e autoestima a partir das suas vivências."
pt,Editora Penalux,ORG,"Caroline é autora do livro de poemas O que me restou, Editora Penalux, 2020, escreve sobre relacionamentos e autoestima a partir das suas vivências."
pt,Annie Wang,PER,"A artista taiwanesa Annie Wang retratou a sua vida com o filho, durante quase duas décadas, desde a gravidez até a adolescência do garoto."
pt,Creator,PER,"A série Mother as a Creator surgiu em 2000, quando Annie ingressou no PhD em artes e engravidou, voltando o seu olhar para a relação entre mãe e filho."
pt,Annie,PER,"A série Mother as a Creator surgiu em 2000, quando Annie ingressou no PhD em artes e engravidou, voltando o seu olhar para a relação entre mãe e filho."
pt,PhD,ORG,"A série Mother as a Creator surgiu em 2000, quando Annie ingressou no PhD em artes e engravidou, voltando o seu olhar para a relação entre mãe e filho."
pt,Annie,LOC,"Atualmente, Annie continua produzindo os autorretratos."
pt,Neymar Jr,PER,"Na tarde de hoje, o jogador Neymar Jr publicou em seu perfil uma carta aberta admitindo que foi infiel e que, desta forma, acabou expondo a companheira e também o filho que o casal espera."
pt,Brasil,LOC,"Histórias recentes, no Brasil e no mundo, mostram que o carinho da população não é para o bico de mulheres consideradas adúlteras."
pt,Lydia Reeves,PER,"A artista plástica britânica Lydia Reeves encontrou, na arte de esculpir, uma ferramenta poderosa para trabalhar as inseguranças com o seu corpo, celebrando a diversidade e beleza das formais naturais de mulheres."
pt,Escolhi,LOC,Escolhi também oferecer a outras pessoas formas de celebrar a si mesmas.
pt,Lydia,LOC,"Lydia trabalha criando esculturas realistas feitas sob medida, reproduzindo detalhes, texturas e formas anatômicas que não costumam ser enfatizadas nas esculturas, especialmente as femininas, como flacidez e poros da pele, dobras da barriga e a delicadeza da vulva."
pt,Dou,PER,Dou risada quando alguém diz que os cabelos brancos me fazem parecer mais velha.
pt,Andie Macdowell,PER,"Mas eu não me importo, diverte_se a atriz Andie Macdowell, sobre a reação do público desde que resolveu usar os cabelos grisalhos."
pt,Adri Coelho Silva,PER,"Adri Coelho Silva, criadora de conteúdo no Viva a Coroa, reflete sobre a forma como o etarismo recai sobre as mulheres, em especial, as grisalhas."
pt,aceita_lo,LOC,"O convite para parecer ser mais jovem é farto, e aceita_lo é uma escolha que pode tomar uma farta fatia da vida e do presente."
pt,Cabelos,PER,Cabelos brancos são lindos.
pt,Gérard Depardieu,ORG,E nem o Gérard Depardieu.
pt,Terra,LOC,"Todos os tipos de abusos e violências, seja contra crianças, mulheres, animais, pessoas LGBTQIA+, pessoas negras, indígenas, contra os próprios homens, e com a nossa própria mãe Terra, são praticados e cometidos diariamente e majoritariamente por nós, homens, reflete Claudio Serva, criador de conteúdo sobre masculinidade saudável e sexualidade positiva no prazer_ele."
pt,Claudio Serva,PER,"Todos os tipos de abusos e violências, seja contra crianças, mulheres, animais, pessoas LGBTQIA+, pessoas negras, indígenas, contra os próprios homens, e com a nossa própria mãe Terra, são praticados e cometidos diariamente e majoritariamente por nós, homens, reflete Claudio Serva, criador de conteúdo sobre masculinidade saudável e sexualidade positiva no prazer_ele."
pt,Claudio,PER,"Para Claudio, o problema que dá margem para tantas violências acontecerem é dos homens, sim, e cabe a eles transformar essa realidade."
pt,Iana Villela,PER,"É cedo que a gente aprende a abraçar a violência como gentileza, mas o incômodo sem dono vagando pelo corpo denuncia, diz a escritora e publicitária Iana Villela, numa reflexão sobre as recorrentes violações de nossos corpos, e a importância de nunca normalizar essas violências."
pt,MC Guimê,ORG,"Diante da expulsão dos participantes do Big Brother Brasil, MC Guimê e Cara de Sapato, por importunação sexual, ela aponta a importância de um exemplo de punição em rede nacional."
pt,Cara de Sapato,LOC,"Diante da expulsão dos participantes do Big Brother Brasil, MC Guimê e Cara de Sapato, por importunação sexual, ela aponta a importância de um exemplo de punição em rede nacional."
pt,Thaís Carla,PER,"A bailarina e criadora de conteúdo Thaís Carla conheceu o estrelato depois de participar do quadro Se Vira nos 30, no extinto Domingão do Faustão, e brilhar com sua dança no Show das Poderosas, de Anitta,."
pt,Anitta,LOC,"A bailarina e criadora de conteúdo Thaís Carla conheceu o estrelato depois de participar do quadro Se Vira nos 30, no extinto Domingão do Faustão, e brilhar com sua dança no Show das Poderosas, de Anitta,."
pt,Tpm,ORG,"Em 2021, a bailarina bateu um papo com a Tpm sobre sua trajetória na dança, saúde e militância gorda na internet."
pt,Thaís,PER,"Para Thaís, a autoestima é uma vocação humana, mas acaba sendo massacrada ao longo dos anos pelo bombardeio de pressões estéticas naturalizadas em uma sociedade gordofóbica."
pt,Antônio Cara de Sapato,PER,"Na madrugada desta quinta_feira, durante uma festa no Big Brother Brasil, o lutador Antônio Cara de Sapato tentou forçar um beijo e chegou a imobilizar a modelo Dania Mendez, que está participando de um intercâmbio entre o BBB e o programa mexicano La Casa de Los Famosos."
pt,Dania,LOC,"Mais cedo, durante a festa, Dania já havia retirado a mão do cantor Mc Guimê de seu corpo enquanto a dupla conversava com outros participantes."
pt,Mc Guimê,PER,"Mais cedo, durante a festa, Dania já havia retirado a mão do cantor Mc Guimê de seu corpo enquanto a dupla conversava com outros participantes."
pt,Mulheres,LOC,"Mulheres são socialmente condicionadas a não baterem de frente com agressores por motivos diversos, seja por se sentirem culpadas pela atitude alheia, por medo de que a agressão física escale ou pela falta de preparo generalizada quando o tema é consentimento."
pt,Samara Felippo,PER,A atriz Samara Felippo coloca esta diferença em perspectiva.
pt,Casa Tpm,LOC,"Na Casa Tpm, ela conversou com a escritora e criadora de conteúdo Andressa Reis e com a especialista em desenvolvimento humano Flávia Camanho sobre a disparidade imensa de expectativas que recaem sobre pais e mães na criação dos filhos."
pt,Andressa Reis,PER,"Na Casa Tpm, ela conversou com a escritora e criadora de conteúdo Andressa Reis e com a especialista em desenvolvimento humano Flávia Camanho sobre a disparidade imensa de expectativas que recaem sobre pais e mães na criação dos filhos."
pt,Flávia Camanho,PER,"Na Casa Tpm, ela conversou com a escritora e criadora de conteúdo Andressa Reis e com a especialista em desenvolvimento humano Flávia Camanho sobre a disparidade imensa de expectativas que recaem sobre pais e mães na criação dos filhos."
pt,Xuxa Meneghel,PER,"Nesta semana, em uma entrevista para o programa Saia Justa, a apresentadora Xuxa Meneghel se abriu sobre a carreira, sua relação com a imagem e a chegada aos 60 anos."
pt,Xuxa,PER,"Durante o bate_papo, Xuxa desabafou que foi submetida a cirurgias plásticas sem o seu consentimento, enquanto estava anestesiada."
pt,Luisa Mell,PER,"Em 2021, a ativista e defensora dos animais Luisa Mell relatou também ter sido submetida a procedimentos estéticos sem o seu consentimento, alertando para a gravidade desse tipo de conduta, que deixa sequelas físicas e emocionais."
pt,Instagram,ORG,"Em seu perfil do Instagram, a pesquisadora de estudos culturais Mariane Santana refletiu sobre como os homens estão lucrando na internet monetizando o ódio contra as mulheres."
pt,Mariane Santana,PER,"Em seu perfil do Instagram, a pesquisadora de estudos culturais Mariane Santana refletiu sobre como os homens estão lucrando na internet monetizando o ódio contra as mulheres."
pt,Busca_se,LOC,"Busca_se enfraquecer a capacidade delas tomarem decisões acerca de seus próprios destinos, diz Mariane."
pt,Mariane,LOC,"Busca_se enfraquecer a capacidade delas tomarem decisões acerca de seus próprios destinos, diz Mariane."
pt,Shakira,PER,"Em sua primeira entrevista após se divorciar, a cantora Shakira falou sobre a sensação de não se bastar na solitude."
pt,Giulia Guimarães Tavares,PER,"Me divertir com pessoas que amo, pular no meio do bloco no ritmo da música que ecoa, estar fantasiada e vestindo roupas que mostram minha pele não me faz menos profissional ou menos capaz, escreve a psicóloga Giulia Guimarães Tavares."
pt,Maria Homem,PER,"Em 2020, a psicanalista Maria Homem conversou com a Tpm a esse respeito."
pt,Tpm,LOC,"Em 2020, a psicanalista Maria Homem conversou com a Tpm a esse respeito."
pt,The New York Times,ORG,"Em entrevista ao The New York Times, Helen Fisher, pesquisadora sênior do Instituto Kinsey, da Universidade de Indiana, EUA, define como vício em amor o padrão de ter desejo obsessivo e pensamento intrusivo, nessas dinâmicas."
pt,Helen Fisher,PER,"Em entrevista ao The New York Times, Helen Fisher, pesquisadora sênior do Instituto Kinsey, da Universidade de Indiana, EUA, define como vício em amor o padrão de ter desejo obsessivo e pensamento intrusivo, nessas dinâmicas."
pt,Instituto Kinsey,LOC,"Em entrevista ao The New York Times, Helen Fisher, pesquisadora sênior do Instituto Kinsey, da Universidade de Indiana, EUA, define como vício em amor o padrão de ter desejo obsessivo e pensamento intrusivo, nessas dinâmicas."
pt,Universidade de Indiana,LOC,"Em entrevista ao The New York Times, Helen Fisher, pesquisadora sênior do Instituto Kinsey, da Universidade de Indiana, EUA, define como vício em amor o padrão de ter desejo obsessivo e pensamento intrusivo, nessas dinâmicas."
pt,EUA,LOC,"Em entrevista ao The New York Times, Helen Fisher, pesquisadora sênior do Instituto Kinsey, da Universidade de Indiana, EUA, define como vício em amor o padrão de ter desejo obsessivo e pensamento intrusivo, nessas dinâmicas."
pt,Maria Ribeiro,PER,"Começaram a achar que sou mais velha do que de fato sou e passei a me sentir mal com isso, o que não deveria ser um problema, conta a fotógrafa Maria Ribeiro."
pt,Bruna Griphao,PER,"O relacionamento entre a atriz Bruna Griphao e o modelo Gabriel Tavares, participantes do Big Brother Brasil, levantou uma discussão séria sobre relacionamentos abusivos e a dificuldade em se reconhecer neste tipo de relação."
pt,Gabriel Tavares,PER,"O relacionamento entre a atriz Bruna Griphao e o modelo Gabriel Tavares, participantes do Big Brother Brasil, levantou uma discussão séria sobre relacionamentos abusivos e a dificuldade em se reconhecer neste tipo de relação."
pt,Tadeu Schmidt,PER,"Quem está envolvido em um relacionamento talvez nem perceba, mas quem está de fora consegue enxergar quando os limites estão prestes a ser gravemente ultrapassados, alertou Tadeu Schmidt durante o programa ao vivo no domingo."
pt,Gabriel,PER,"Para além das atitudes do casal, a fala de Gabriel é inaceitável porque declarações desse tipo costumam preceder abusos mais graves, que por vezes são normalizados dentro de uma cultura machista e letal."
pt,Bruna,LOC,"Bruna aparenta ser uma mulher forte, destemida, que fala o que quer, e Gabriel está bem longe de fazer a performance do típico machão."
pt,Gabriel,PER,"Bruna aparenta ser uma mulher forte, destemida, que fala o que quer, e Gabriel está bem longe de fazer a performance do típico machão."
pt,Bruna,LOC,"Embora Bruna não deite para Gabriel, ela xinga, responde rispidamente, dá uns foras, ele faz com que ela se submeta a ele."
pt,Gabriel,PER,"Embora Bruna não deite para Gabriel, ela xinga, responde rispidamente, dá uns foras, ele faz com que ela se submeta a ele."
pt,Gabriel,PER,"Sem perceber, foi sugada por Gabriel."
pt,Manuela Xavier,PER,"Está preocupada em proteger um homem que não a tem como prioridade nem no jogo nem na vida, explicou a psicanalista Manuela Xavier em uma discussão no seu perfil sobre a complexidade que as relações tóxicas carregam."
pt,Brasil,LOC,"A segunda edição do reality show Casamento às Cegas: Brasil, exibido pela netfllix_brasil, propõe um experimento social em que as pessoas conversam e decidem se desejam se casar antes mesmo de ver a aparência do crush."
pt,netfllix_brasil,ORG,"A segunda edição do reality show Casamento às Cegas: Brasil, exibido pela netfllix_brasil, propõe um experimento social em que as pessoas conversam e decidem se desejam se casar antes mesmo de ver a aparência do crush."
pt,Maíra Bullos,LOC,"A modelo Maíra Bullos, que participou desta edição, manifestou incômodo com a postura dos participantes da ala masculina."
pt,Instagram,LOC,"Em seus Stories no Instagram, Maíra contou que um dos rapazes teria criticado a aparência das mulheres desta temporada."
pt,Maíra,LOC,"Em seus Stories no Instagram, Maíra contou que um dos rapazes teria criticado a aparência das mulheres desta temporada."
pt,Vanessa,LOC,"Ouvi um áudio do grupo de todos os meninos em que tinha um cara falando que todas nós éramos feias e só salvava a Vanessa, que vacilaram na escolha do time feminino, porque só tinha homem bonito,autoestima de milhões, porque veio justamente de um feio, revelou."
pt,Maíra,LOC,"De acordo com Maíra, Alisson Hentges teria sido o único a reagir e sair em defesa das mulheres."
pt,Alisson Hentges,PER,"De acordo com Maíra, Alisson Hentges teria sido o único a reagir e sair em defesa das mulheres."
pt,Alisson,PER,"O Alisson que defendeu a gente falando: Ele tá falando das mulheres de vocês, vocês vão deixar.,"
pt,Maíra,LOC,"Maíra faz uma reflexão sobre a experiência: Acho importante esses assuntos virem à tona, porque mostra o quanto homens que não têm nada a oferecer cobram que sejamos perfeitas,sendo que só tinha mulher linda com histórias de superação incríveis, concluiu."
pt,Acho,PER,"Maíra faz uma reflexão sobre a experiência: Acho importante esses assuntos virem à tona, porque mostra o quanto homens que não têm nada a oferecer cobram que sejamos perfeitas,sendo que só tinha mulher linda com histórias de superação incríveis, concluiu."
pt,Rafaela Azevedo,PER,"O ano mal começou e a Palhaça Fran, personagem da atriz Rafaela Azevedo, já chegou com dicas providenciais pra quem pretende se aventurar no mundo dos aplicativos em 2023."
pt,Carolinie Figueredo,PER,"Uma reflexão ainda muito necessária nos dias de hoje, infelizmente: a terapeuta Carolinie Figueredo fala sobre a ausência masculina quando as mulheres mais precisam deles."
pt,Carolinie,PER,Carolinie faz uma pergunta bastante pertinente para quem acredita que os relacionamentos amorosos são vias de duas mãos: quem são os homens que ficam quando adoecemos.
pt,Maia Gray,PER,"Para discutir a falácia da idealização estética impossível de existir sem Photoshop, a influenciadora Maia Gray traz um lembrete: Não há absolutamente nenhuma razão para sentir vergonha de ter estrias."
